Instance_ID,Nodes,Speed_kmh,Flows,Packet_Rate_pps,Mobility_Seed,Simulation_Seed,Best_Protocol,Best_Score,Second_Best_Protocol,Second_Best_Score,Score_Margin
INST_0001,50,20,5,2,1,100001,AODV,0.6742598027235449,AOMDV,0.6240808832653006,0.050178919458244264
INST_0002,50,20,5,2,2,100002,DSDV,0.75,AOMDV,0.5054336575574853,0.24456634244251474
INST_0003,50,20,5,2,3,100003,DSDV,0.75,AOMDV,0.5587841880082418,0.1912158119917582
INST_0004,50,20,5,2,4,100004,DSDV,0.710848718635125,AOMDV,0.5350921814060041,0.17575653722912088
INST_0005,50,20,5,2,5,100005,AODV,0.7629364138447196,AOMDV,0.6259177670421834,0.13701864680253617
INST_0006,50,20,5,4,1,100006,DSDV,0.75,AOMDV,0.5246889786060581,0.22531102139394188
INST_0007,50,20,5,4,2,100007,DSDV,0.75,AOMDV,0.5508184324447605,0.19918156755523952
INST_0008,50,20,5,4,3,100008,DSDV,0.75,AOMDV,0.5685265234972119,0.1814734765027881
INST_0009,50,20,5,4,4,100009,DSDV,0.7134025795192609,AOMDV,0.5652186223111306,0.14818395720813027
INST_0010,50,20,5,4,5,100010,DSDV,0.75,AOMDV,0.564962774366666,0.18503722563333402
INST_0011,50,20,5,8,1,100011,DSDV,0.75,AOMDV,0.6201882485439275,0.1298117514560725
INST_0012,50,20,5,8,2,100012,AOMDV,0.6511404224387856,AODV,0.6184872446719156,0.032653177766869934
INST_0013,50,20,5,8,3,100013,DSDV,0.75,AOMDV,0.566985756634342,0.18301424336565797
INST_0014,50,20,5,8,4,100014,DSDV,0.7153381302622102,AODV,0.5511124814376682,0.16422564882454194
INST_0015,50,20,5,8,5,100015,DSDV,0.75,AOMDV,0.4672701697036779,0.2827298302963221
INST_0016,50,20,10,2,1,100016,DSDV,0.7197095880404705,AOMDV,0.6464171849643516,0.07329240307611884
INST_0017,50,20,10,2,2,100017,AODV,0.6959347988219603,AOMDV,0.6442424217134985,0.05169237710846175
INST_0018,50,20,10,2,3,100018,DSDV,0.6675874126151026,AOMDV,0.6179012416666666,0.04968617094843597
INST_0019,50,20,10,2,4,100019,AODV,0.8708241411009467,AOMDV,0.6468579117564719,0.22396622934447485
INST_0020,50,20,10,2,5,100020,AOMDV,0.6468663971203868,AODV,0.645632811903856,0.0012335852165308303
INST_0021,50,20,10,4,1,100021,AOMDV,0.638170596731464,AODV,0.510229813704263,0.12794078302720102
INST_0022,50,20,10,4,2,100022,DSDV,0.75,AOMDV,0.4573762095928804,0.2926237904071196
INST_0023,50,20,10,4,3,100023,AOMDV,0.6332431756840313,AODV,0.5815088308916634,0.05173434479236794
INST_0024,50,20,10,4,4,100024,AODV,0.7066469472973402,AOMDV,0.6234707098493293,0.08317623744801095
INST_0025,50,20,10,4,5,100025,AOMDV,0.6486119017235861,DSDV,0.48760599082293277,0.1610059109006533
INST_0026,50,20,10,8,1,100026,DSDV,0.75,AOMDV,0.35315675273067804,0.39684324726932196
INST_0027,50,20,10,8,2,100027,DSDV,0.75,AOMDV,0.5417168017533434,0.20828319824665664
INST_0028,50,20,10,8,3,100028,DSDV,0.75,AODV,0.43058421143735814,0.31941578856264186
INST_0029,50,20,10,8,4,100029,DSDV,0.75,AODV,0.7176385127530398,0.0323614872469602
INST_0030,50,20,10,8,5,100030,DSDV,0.75,AOMDV,0.4565568097749706,0.2934431902250294
INST_0031,50,20,15,2,1,100031,AOMDV,0.6075297948150609,DSDV,0.494181139048698,0.11334865576636288
INST_0032,50,20,15,2,2,100032,AODV,0.6491044092424714,AOMDV,0.6306507659871787,0.01845364325529264
INST_0033,50,20,15,2,3,100033,AODV,0.7033941088888673,AOMDV,0.6596045192569185,0.04378958963194879
INST_0034,50,20,15,2,4,100034,AODV,0.635717866612299,AOMDV,0.6065737180362218,0.029144148576077167
INST_0035,50,20,15,2,5,100035,AOMDV,0.6501677811018508,AODV,0.6004428828352176,0.04972489826663318
INST_0036,50,20,15,4,1,100036,DSDV,0.7326176644461555,AOMDV,0.6115115758184866,0.12110608862766892
INST_0037,50,20,15,4,2,100037,DSDV,0.7146105621146952,AOMDV,0.6382043262512032,0.07640623586349204
INST_0038,50,20,15,4,3,100038,DSDV,0.75,AOMDV,0.5104184415431526,0.23958155845684737
INST_0039,50,20,15,4,4,100039,AODV,0.6578966161554811,AOMDV,0.6173069715046174,0.04058964465086368
INST_0040,50,20,15,4,5,100040,DSDV,0.75,AOMDV,0.45357315761095046,0.29642684238904954
INST_0041,50,20,15,8,1,100041,DSDV,0.75,AOMDV,0.43124316241300276,0.31875683758699724
INST_0042,50,20,15,8,2,100042,DSDV,1.0,AOMDV,0.377770574506667,0.6222294254933329
INST_0043,50,20,15,8,3,100043,DSDV,0.7978592401785508,AODV,0.36599425594792057,0.43186498423063024
INST_0044,50,20,15,8,4,100044,DSDV,0.8222015168517449,AOMDV,0.675361089169982,0.14684042768176286
INST_0045,50,20,15,8,5,100045,DSDV,0.9754990884680874,AOMDV,0.5143820933752706,0.4611169950928168
INST_0046,50,20,20,2,1,100046,DSDV,0.75,AOMDV,0.5868108197621871,0.16318918023781293
INST_0047,50,20,20,2,2,100047,AOMDV,0.6295105790278244,AODV,0.5189063956145475,0.11060418341327682
INST_0048,50,20,20,2,3,100048,AOMDV,0.644490456039625,DSDV,0.44671317826355755,0.1977772777760674
INST_0049,50,20,20,2,4,100049,DSDV,0.6626626428942338,AOMDV,0.6185929678649529,0.04406967502928094
INST_0050,50,20,20,2,5,100050,AOMDV,0.6586424634433427,DSDV,0.589155905393479,0.0694865580498637
INST_0051,50,20,20,4,1,100051,DSDV,0.75,AOMDV,0.5735384172371192,0.17646158276288082
INST_0052,50,20,20,4,2,100052,DSDV,0.75,AOMDV,0.3898108203228331,0.3601891796771669
INST_0053,50,20,20,4,3,100053,DSDV,0.75,AOMDV,0.4114648102722875,0.3385351897277125
INST_0054,50,20,20,4,4,100054,DSDV,0.75,AOMDV,0.3607942619669046,0.3892057380330954
INST_0055,50,20,20,4,5,100055,DSDV,0.75,AODV,0.351625638339792,0.398374361660208
INST_0056,50,20,20,8,1,100056,DSDV,0.9934896258137971,AOMDV,0.4121987971617904,0.5812908286520067
INST_0057,50,20,20,8,2,100057,DSDV,1.0,AODV,0.27967624976440775,0.7203237502355923
INST_0058,50,20,20,8,3,100058,DSDV,0.7956779305605906,AODV,0.6398214918223277,0.15585643873826283
INST_0059,50,20,20,8,4,100059,DSDV,1.0,AODV,0.10331290862837907,0.896687091371621
INST_0060,50,20,20,8,5,100060,DSDV,1.0,AOMDV,0.2512037795160728,0.7487962204839271
INST_0061,50,20,25,2,1,100061,DSDV,0.75,AOMDV,0.5716588924273764,0.17834110757262356
INST_0062,50,20,25,2,2,100062,AOMDV,0.6443232226456506,DSDV,0.47825854794681166,0.1660646746988389
INST_0063,50,20,25,2,3,100063,AOMDV,0.6604618640400565,DSDV,0.4281627495811563,0.23229911445890017
INST_0064,50,20,25,2,4,100064,AOMDV,0.6423933285855412,AODV,0.5066666946230303,0.13572663396251095
INST_0065,50,20,25,2,5,100065,DSDV,0.75,AOMDV,0.5790289592707663,0.17097104072923375
INST_0066,50,20,25,4,1,100066,DSDV,0.75,AOMDV,0.5688146593848266,0.18118534061517344
INST_0067,50,20,25,4,2,100067,DSDV,0.75,AOMDV,0.4010238085009557,0.3489761914990443
INST_0068,50,20,25,4,3,100068,DSDV,0.75,AOMDV,0.569961614857284,0.18003838514271597
INST_0069,50,20,25,4,4,100069,DSDV,0.8681693755598868,AOMDV,0.6784065358341593,0.1897628397257275
INST_0070,50,20,25,4,5,100070,DSDV,0.75,AOMDV,0.4048078457988933,0.3451921542011067
INST_0071,50,20,25,8,1,100071,DSDV,1.0,AODV,0.1597921695851539,0.8402078304148461
INST_0072,50,20,25,8,2,100072,DSDV,1.0,AODV,0.3926440028707072,0.6073559971292928
INST_0073,50,20,25,8,3,100073,DSDV,1.0,AODV,0.34268528698405115,0.6573147130159489
INST_0074,50,20,25,8,4,100074,DSDV,1.0,AODV,0.09738702596124654,0.9026129740387534
INST_0075,50,20,25,8,5,100075,DSDV,1.0,AODV,0.2077085264755328,0.7922914735244672
INST_0076,50,30,5,2,1,100076,DSDV,0.75,AOMDV,0.5784532658191677,0.17154673418083233
INST_0077,50,30,5,2,2,100077,DSDV,0.75,AOMDV,0.4987572084112041,0.2512427915887959
INST_0078,50,30,5,2,3,100078,AODV,0.6965787094666084,AOMDV,0.6207679618224015,0.07581074764420692
INST_0079,50,30,5,2,4,100079,DSDV,0.7101553861396912,AOMDV,0.5734647589751928,0.13669062716449842
INST_0080,50,30,5,2,5,100080,DSDV,0.75,AOMDV,0.525848980934443,0.224151019065557
INST_0081,50,30,5,4,1,100081,AODV,0.6267431537087297,AOMDV,0.6094771253364091,0.017266028372320608
INST_0082,50,30,5,4,2,100082,AODV,0.8858128976000565,AOMDV,0.6315789487432785,0.2542339488567781
INST_0083,50,30,5,4,3,100083,AODV,0.6454079679325195,AOMDV,0.6109597651339471,0.034448202798572414
INST_0084,50,30,5,4,4,100084,DSDV,0.7150109191256627,AOMDV,0.6114766636753245,0.10353425545033823
INST_0085,50,30,5,4,5,100085,DSDV,0.75,AOMDV,0.5689758644173253,0.18102413558267472
INST_0086,50,30,5,8,1,100086,DSDV,0.75,AOMDV,0.5120002051346334,0.2379997948653666
INST_0087,50,30,5,8,2,100087,DSDV,0.75,AOMDV,0.5291461276173548,0.2208538723826452
INST_0088,50,30,5,8,3,100088,AOMDV,0.6204101363135304,AODV,0.5439191626133744,0.076490973700156
INST_0089,50,30,5,8,4,100089,DSDV,0.7116765126856145,AOMDV,0.6219340489293839,0.08974246375623063
INST_0090,50,30,5,8,5,100090,AOMDV,0.6009354432616766,DSDV,0.5116742285748274,0.08926121468684922
INST_0091,50,30,10,2,1,100091,DSDV,0.75,AODV,0.5517450967718895,0.19825490322811046
INST_0092,50,30,10,2,2,100092,AODV,0.6967999780123405,AOMDV,0.6261487968221059,0.07065118119023461
INST_0093,50,30,10,2,3,100093,AODV,0.781290717265126,AOMDV,0.6201117294127956,0.16117898785233042
INST_0094,50,30,10,2,4,100094,AOMDV,0.6054131153846154,DSDV,0.5644870731162606,0.040926042268354834
INST_0095,50,30,10,2,5,100095,AOMDV,0.6182881460614709,DSDV,0.5385354859533649,0.079752660108106
INST_0096,50,30,10,4,1,100096,DSDV,0.75,AOMDV,0.5672665374248645,0.18273346257513545
INST_0097,50,30,10,4,2,100097,DSDV,0.7357309506670144,AOMDV,0.634198091321301,0.10153285934571343
INST_0098,50,30,10,4,3,100098,DSDV,0.75,AOMDV,0.4362836165481106,0.3137163834518894
INST_0099,50,30,10,4,4,100099,DSDV,0.7267204408358741,AOMDV,0.5859681353509062,0.14075230548496787
INST_0100,50,30,10,4,5,100100,AOMDV,0.6234793211678832,DSDV,0.46256740381742545,0.16091191735045773
INST_0101,50,30,10,8,1,100101,DSDV,0.75,AOMDV,0.335748787653017,0.414251212346983
INST_0102,50,30,10,8,2,100102,DSDV,0.7197612214504326,AOMDV,0.7074460957273541,0.01231512572307858
INST_0103,50,30,10,8,3,100103,DSDV,0.75,AODV,0.489917909874647,0.260082090125353
INST_0104,50,30,10,8,4,100104,DSDV,0.6554319257067088,AOMDV,0.6294901036620825,0.02594182204462636
INST_0105,50,30,10,8,5,100105,DSDV,0.75,AOMDV,0.4100011275748939,0.3399988724251061
INST_0106,50,30,15,2,1,100106,DSDV,0.75,AOMDV,0.5759497035438833,0.1740502964561167
INST_0107,50,30,15,2,2,100107,AODV,0.6406356403079809,AOMDV,0.6146861771183849,0.02594946318959601
INST_0108,50,30,15,2,3,100108,AOMDV,0.6121908147665835,AODV,0.4712026448876777,0.14098816987890583
INST_0109,50,30,15,2,4,100109,DSDV,0.736656782532068,AOMDV,0.6219878092963909,0.11466897323567715
INST_0110,50,30,15,2,5,100110,AOMDV,0.6396229406931209,AODV,0.5724625270947794,0.06716041359834146
INST_0111,50,30,15,4,1,100111,DSDV,0.75,AOMDV,0.45675803846375623,0.29324196153624377
INST_0112,50,30,15,4,2,100112,DSDV,0.749254509231559,AOMDV,0.6178952034369387,0.1313593057946203
INST_0113,50,30,15,4,3,100113,AOMDV,0.7498426369292881,DSDV,0.5575121900015398,0.19233044692774826
INST_0114,50,30,15,4,4,100114,AOMDV,0.6493634326635561,DSDV,0.5353522270791182,0.11401120558443789
INST_0115,50,30,15,4,5,100115,DSDV,0.75,AOMDV,0.5754715307646018,0.17452846923539822
INST_0116,50,30,15,8,1,100116,DSDV,0.75,AOMDV,0.474217458434323,0.275782541565677
INST_0117,50,30,15,8,2,100117,DSDV,0.75,AODV,0.35221070487055295,0.39778929512944705
INST_0118,50,30,15,8,3,100118,DSDV,0.75,AOMDV,0.40499381089414316,0.34500618910585684
INST_0119,50,30,15,8,4,100119,DSDV,0.75,AODV,0.5645933666713134,0.18540663332868657
INST_0120,50,30,15,8,5,100120,DSDV,0.75,AOMDV,0.3321910232312362,0.4178089767687638
INST_0121,50,30,20,2,1,100121,DSDV,0.6418845152124362,AOMDV,0.6380341924681131,0.0038503227443230648
INST_0122,50,30,20,2,2,100122,AOMDV,0.613982170623291,DSDV,0.5,0.11398217062329097
INST_0123,50,30,20,2,3,100123,AOMDV,0.6277731417327598,AODV,0.4692370635860458,0.158536078146714
INST_0124,50,30,20,2,4,100124,AOMDV,0.6422052267416517,DSDV,0.5646874237680067,0.07751780297364497
INST_0125,50,30,20,2,5,100125,AOMDV,0.6472207314059181,DSDV,0.580209721457774,0.06701100994814402
INST_0126,50,30,20,4,1,100126,DSDV,0.75,AOMDV,0.3971447954862655,0.3528552045137345
INST_0127,50,30,20,4,2,100127,DSDV,0.75,AOMDV,0.6301893945980941,0.11981060540190591
INST_0128,50,30,20,4,3,100128,DSDV,0.75,AOMDV,0.6715671781196746,0.07843282188032541
INST_0129,50,30,20,4,4,100129,DSDV,0.75,AOMDV,0.5402721390738748,0.20972786092612516
INST_0130,50,30,20,4,5,100130,DSDV,0.75,AOMDV,0.41224673849721505,0.33775326150278495
INST_0131,50,30,20,8,1,100131,DSDV,0.75,AODV,0.3000842054662163,0.4499157945337837
INST_0132,50,30,20,8,2,100132,DSDV,1.0,AODV,0.16092585829504288,0.8390741417049571
INST_0133,50,30,20,8,3,100133,DSDV,0.75,AODV,0.2944345888163745,0.4555654111836255
INST_0134,50,30,20,8,4,100134,DSDV,0.75,AODV,0.46187118054223036,0.28812881945776964
INST_0135,50,30,20,8,5,100135,DSDV,0.8646251676747148,AODV,0.3198527073750826,0.5447724602996322
INST_0136,50,30,25,2,1,100136,AOMDV,0.6494180561460714,DSDV,0.5783246038933347,0.07109345225273667
INST_0137,50,30,25,2,2,100137,AOMDV,0.6706065784497429,DSDV,0.5675828431212439,0.10302373532849907
INST_0138,50,30,25,2,3,100138,AOMDV,0.720571025718791,DSDV,0.4460898065923247,0.2744812191264662
INST_0139,50,30,25,2,4,100139,DSDV,0.75,AOMDV,0.5012404816589142,0.24875951834108578
INST_0140,50,30,25,2,5,100140,AOMDV,0.7526873333934246,DSDV,0.7482347736445735,0.00445255974885117
INST_0141,50,30,25,4,1,100141,DSDV,0.75,AOMDV,0.41616260881618317,0.33383739118381683
INST_0142,50,30,25,4,2,100142,DSDV,0.75,AOMDV,0.32785533902114095,0.42214466097885905
INST_0143,50,30,25,4,3,100143,DSDV,0.75,AOMDV,0.5554831545758945,0.19451684542410552
INST_0144,50,30,25,4,4,100144,DSDV,0.75,AOMDV,0.3717758209622227,0.3782241790377773
INST_0145,50,30,25,4,5,100145,DSDV,0.75,AOMDV,0.48802565837048095,0.26197434162951905
INST_0146,50,30,25,8,1,100146,DSDV,0.6644693726407828,AODV,0.6501316533317516,0.01433771930903116
INST_0147,50,30,25,8,2,100147,DSDV,0.9479945754043392,AODV,0.6136719049999726,0.3343226704043666
INST_0148,50,30,25,8,3,100148,DSDV,1.0,AOMDV,0.1993509861856344,0.8006490138143656
INST_0149,50,30,25,8,4,100149,DSDV,1.0,AODV,0.2901775881510927,0.7098224118489074
INST_0150,50,30,25,8,5,100150,DSDV,0.924309169792698,AODV,0.5634300547545891,0.3608791150381089
INST_0151,50,40,5,2,1,100151,AODV,0.7327106653405829,AOMDV,0.38714603887134036,0.3455646264692426
INST_0152,50,40,5,2,2,100152,DSDV,0.75,AOMDV,0.5394164813806691,0.2105835186193309
INST_0153,50,40,5,2,3,100153,AODV,0.8169109304742769,DSDV,0.6371830936685007,0.1797278368057762
INST_0154,50,40,5,2,4,100154,AODV,0.9702067112446258,DSDV,0.7114454228364033,0.25876128840822243
INST_0155,50,40,5,2,5,100155,DSDV,0.75,AOMDV,0.5603242723650435,0.18967572763495655
INST_0156,50,40,5,4,1,100156,DSDV,0.75,AODV,0.4736073547669402,0.2763926452330598
INST_0157,50,40,5,4,2,100157,AOMDV,0.6254342410648425,AODV,0.5725428611803116,0.052891379884530854
INST_0158,50,40,5,4,3,100158,DSDV,0.7164840925380492,AOMDV,0.5769528734787993,0.13953121905924992
INST_0159,50,40,5,4,4,100159,DSDV,0.7087220586127314,AODV,0.5,0.2087220586127314
INST_0160,50,40,5,4,5,100160,AOMDV,0.6194550075623955,AODV,0.5665439306369051,0.05291107692549035
INST_0161,50,40,5,8,1,100161,DSDV,0.75,AOMDV,0.5559040466899652,0.19409595331003482
INST_0162,50,40,5,8,2,100162,DSDV,0.75,AOMDV,0.5151461128122419,0.23485388718775813
INST_0163,50,40,5,8,3,100163,DSDV,0.75,AODV,0.5856675494489417,0.16433245055105827
INST_0164,50,40,5,8,4,100164,AODV,0.75,DSDV,0.5684654616206586,0.18153453837934141
INST_0165,50,40,5,8,5,100165,AOMDV,0.5939657327819043,DSDV,0.5288640596529459,0.06510167312895843
INST_0166,50,40,10,2,1,100166,AOMDV,0.6142564862988076,AODV,0.5126764443745437,0.10158004192426384
INST_0167,50,40,10,2,2,100167,AOMDV,0.6189645945981805,AODV,0.5389978061624412,0.07996678843573934
INST_0168,50,40,10,2,3,100168,AOMDV,0.6184782640737241,AODV,0.5891678967789975,0.02931036729472658
INST_0169,50,40,10,2,4,100169,DSDV,0.6835975072413241,AOMDV,0.61340025126005,0.07019725598127402
INST_0170,50,40,10,2,5,100170,AODV,0.6402344061784764,AOMDV,0.6000288659931383,0.04020554018533806
INST_0171,50,40,10,4,1,100171,DSDV,0.75,AOMDV,0.53503723047107,0.21496276952893
INST_0172,50,40,10,4,2,100172,DSDV,0.75,AOMDV,0.3946059100824075,0.3553940899175925
INST_0173,50,40,10,4,3,100173,AOMDV,0.6072359054626002,AODV,0.5422326059444231,0.06500329951817707
INST_0174,50,40,10,4,4,100174,DSDV,0.75,AOMDV,0.5601026262043592,0.18989737379564076
INST_0175,50,40,10,4,5,100175,AOMDV,0.6249636993904886,AODV,0.587989976057045,0.03697372333344362
INST_0176,50,40,10,8,1,100176,DSDV,0.75,AODV,0.3718717795018866,0.3781282204981134
INST_0177,50,40,10,8,2,100177,DSDV,0.75,AOMDV,0.38196229879180915,0.36803770120819085
INST_0178,50,40,10,8,3,100178,DSDV,0.6020275946624138,AOMDV,0.5882574227098898,0.013770171952524057
INST_0179,50,40,10,8,4,100179,DSDV,0.75,AOMDV,0.535351765119825,0.21464823488017504
INST_0180,50,40,10,8,5,100180,AOMDV,0.7891367198756345,DSDV,0.6780489186326716,0.11108780124296291
INST_0181,50,40,15,2,1,100181,AOMDV,0.609934542207627,AODV,0.4991834766811014,0.11075106552652558
INST_0182,50,40,15,2,2,100182,AOMDV,0.6037520747854324,AODV,0.5078124778502973,0.0959395969351351
INST_0183,50,40,15,2,3,100183,AOMDV,0.6129409954325913,AODV,0.46798721538138754,0.14495378005120374
INST_0184,50,40,15,2,4,100184,DSDV,0.6258517497435623,AOMDV,0.6137681172350347,0.01208363250852762
INST_0185,50,40,15,2,5,100185,AOMDV,0.6105856685926733,AODV,0.5445084937848013,0.06607717480787201
INST_0186,50,40,15,4,1,100186,DSDV,0.75,AOMDV,0.5450828443533988,0.20491715564660118
INST_0187,50,40,15,4,2,100187,DSDV,0.7138957347809531,AOMDV,0.6995753118405084,0.014320422940444777
INST_0188,50,40,15,4,3,100188,DSDV,0.75,AOMDV,0.6436154775556293,0.10638452244437069
INST_0189,50,40,15,4,4,100189,DSDV,0.75,AOMDV,0.59311906447884,0.15688093552116
INST_0190,50,40,15,4,5,100190,AOMDV,0.7344726076614485,DSDV,0.57177041236421,0.1627021952972385
INST_0191,50,40,15,8,1,100191,DSDV,0.6298976906333642,AOMDV,0.5001830484248153,0.1297146422085489
INST_0192,50,40,15,8,2,100192,DSDV,0.75,AODV,0.3439703042239353,0.4060296957760647
INST_0193,50,40,15,8,3,100193,DSDV,0.75,AOMDV,0.495917742410122,0.254082257589878
INST_0194,50,40,15,8,4,100194,DSDV,0.75,AOMDV,0.3618099148131098,0.3881900851868902
INST_0195,50,40,15,8,5,100195,DSDV,0.75,AOMDV,0.5965523516517048,0.15344764834829516
INST_0196,50,40,20,2,1,100196,AOMDV,0.6268285509155228,DSDV,0.4800293869765769,0.14679916393894593
INST_0197,50,40,20,2,2,100197,AOMDV,0.6150202987749052,DSDV,0.4531065949613705,0.16191370381353465
INST_0198,50,40,20,2,3,100198,AOMDV,0.6083800938111337,AODV,0.4718948658049843,0.13648522800614937
INST_0199,50,40,20,2,4,100199,AOMDV,0.6250000054086539,AODV,0.4977240524908253,0.12727595291782856
INST_0200,50,40,20,2,5,100200,AOMDV,0.5987436431845841,AODV,0.5037717821539305,0.09497186103065358
INST_0201,50,40,20,4,1,100201,DSDV,0.75,AOMDV,0.6460265453576738,0.10397345464232621
INST_0202,50,40,20,4,2,100202,AOMDV,0.8204023634023302,DSDV,0.75,0.07040236340233019
INST_0203,50,40,20,4,3,100203,AOMDV,0.8155352557928288,DSDV,0.6412328563665357,0.1743023994262931
INST_0204,50,40,20,4,4,100204,AOMDV,0.6989860842344569,DSDV,0.6911952229557964,0.007790861278660466
INST_0205,50,40,20,4,5,100205,DSDV,0.75,AOMDV,0.6121802001061386,0.1378197998938614
INST_0206,50,40,20,8,1,100206,AOMDV,0.5522282039007239,DSDV,0.5,0.05222820390072391
INST_0207,50,40,20,8,2,100207,DSDV,1.0,AODV,0.24769127754966686,0.7523087224503331
INST_0208,50,40,20,8,3,100208,DSDV,1.0,AOMDV,0.38337882427093745,0.6166211757290625
INST_0209,50,40,20,8,4,100209,DSDV,1.0,AOMDV,0.10347469501360297,0.896525304986397
INST_0210,50,40,20,8,5,100210,DSDV,0.969758036420392,AODV,0.42675445281792856,0.5430035836024635
INST_0211,50,40,25,2,1,100211,DSDV,0.6550897338951217,AOMDV,0.639551647799939,0.015538086095182702
INST_0212,50,40,25,2,2,100212,AOMDV,0.6417344586297217,DSDV,0.4249852519013382,0.2167492067283835
INST_0213,50,40,25,2,3,100213,AOMDV,0.7002549253153528,DSDV,0.4396918372957102,0.2605630880196426
INST_0214,50,40,25,2,4,100214,DSDV,0.75,AOMDV,0.46143595192488673,0.28856404807511327
INST_0215,50,40,25,2,5,100215,DSDV,0.6808900237180928,AOMDV,0.6563068753268738,0.024583148391219
INST_0216,50,40,25,4,1,100216,DSDV,0.75,AODV,0.29159515055112095,0.45840484944887905
INST_0217,50,40,25,4,2,100217,DSDV,0.75,AOMDV,0.39611774908461045,0.35388225091538955
INST_0218,50,40,25,4,3,100218,DSDV,0.75,AOMDV,0.535640404219082,0.214359595780918
INST_0219,50,40,25,4,4,100219,DSDV,0.75,AOMDV,0.5694359802156177,0.1805640197843823
INST_0220,50,40,25,4,5,100220,DSDV,0.75,AOMDV,0.4632265442179959,0.2867734557820041
INST_0221,50,40,25,8,1,100221,DSDV,0.5525064578999592,AODV,0.411898999652652,0.14060745824730725
INST_0222,50,40,25,8,2,100222,DSDV,1.0,AODV,0.19982655568023583,0.8001734443197641
INST_0223,50,40,25,8,3,100223,DSDV,1.0,AODV,0.19884080227656808,0.8011591977234319
INST_0224,50,40,25,8,4,100224,DSDV,1.0,AODV,0.4299279762004098,0.5700720237995902
INST_0225,50,40,25,8,5,100225,DSDV,0.8284135292167891,AODV,0.6256936168223489,0.2027199123944402
INST_0226,50,50,5,2,1,100226,AODV,0.7983135015633299,DSDV,0.75,0.04831350156332992
INST_0227,50,50,5,2,2,100227,AOMDV,0.6127126651893396,DSDV,0.5367340957201567,0.07597856946918291
INST_0228,50,50,5,2,3,100228,AOMDV,0.6053719010108599,AODV,0.571410521477818,0.0339613795330419
INST_0229,50,50,5,2,4,100229,DSDV,0.7145188310467084,AOMDV,0.5842402790292897,0.13027855201741878
INST_0230,50,50,5,2,5,100230,DSDV,0.7364490880800147,AOMDV,0.5951008693183235,0.14134821876169124
INST_0231,50,50,5,4,1,100231,DSDV,0.75,AODV,0.6260670803415722,0.12393291965842779
INST_0232,50,50,5,4,2,100232,AODV,0.6626207180275895,AOMDV,0.5923749265271242,0.07024579150046528
INST_0233,50,50,5,4,3,100233,DSDV,0.7315955118790447,AOMDV,0.5966073232115945,0.13498818866745022
INST_0234,50,50,5,4,4,100234,DSDV,0.7161282585552287,AODV,0.5,0.21612825855522866
INST_0235,50,50,5,4,5,100235,DSDV,0.7373786630010083,AOMDV,0.6161649247790637,0.12121373822194459
INST_0236,50,50,5,8,1,100236,DSDV,0.75,AODV,0.592403930934808,0.15759606906519197
INST_0237,50,50,5,8,2,100237,AODV,0.6714998608133627,DSDV,0.5,0.17149986081336266
INST_0238,50,50,5,8,3,100238,AOMDV,0.6021168338860179,AODV,0.5892377470862883,0.0128790867997296
INST_0239,50,50,5,8,4,100239,AODV,0.6732118401567702,AOMDV,0.5865679277514211,0.08664391240534908
INST_0240,50,50,5,8,5,100240,DSDV,0.75,AOMDV,0.5857617449752381,0.16423825502476186
INST_0241,50,50,10,2,1,100241,AODV,0.6528855220015664,AOMDV,0.6045221820201749,0.04836333998139142
INST_0242,50,50,10,2,2,100242,AOMDV,0.6085544886363239,AODV,0.6081146982443617,0.0004397903919621804
INST_0243,50,50,10,2,3,100243,AODV,0.6273577420168286,AOMDV,0.537112763910259,0.09024497810656962
INST_0244,50,50,10,2,4,100244,DSDV,0.6692226844915323,AOMDV,0.6054687486816406,0.06375393580989175
INST_0245,50,50,10,2,5,100245,AOMDV,0.6261851689799427,AODV,0.5811948314024729,0.04499033757746984
INST_0246,50,50,10,4,1,100246,DSDV,0.75,AOMDV,0.47700497342913684,0.27299502657086316
INST_0247,50,50,10,4,2,100247,AOMDV,0.6306446607890135,DSDV,0.4649241796497693,0.1657204811392442
INST_0248,50,50,10,4,3,100248,AOMDV,0.6179674405210105,DSDV,0.4230049014562443,0.19496253906476618
INST_0249,50,50,10,4,4,100249,DSDV,0.749953644256176,AOMDV,0.600544908518233,0.1494087357379431
INST_0250,50,50,10,4,5,100250,DSDV,0.75,AOMDV,0.5757482219182921,0.1742517780817079
INST_0251,50,50,10,8,1,100251,DSDV,0.75,AOMDV,0.3422474890884425,0.4077525109115575
INST_0252,50,50,10,8,2,100252,DSDV,0.75,AOMDV,0.28564267266572124,0.46435732733427876
INST_0253,50,50,10,8,3,100253,DSDV,0.75,AOMDV,0.6054746434965927,0.14452535650340725
INST_0254,50,50,10,8,4,100254,DSDV,0.75,AOMDV,0.4965713668628205,0.2534286331371795
INST_0255,50,50,10,8,5,100255,DSDV,0.75,AOMDV,0.7064666117459307,0.04353338825406927
INST_0256,50,50,15,2,1,100256,AODV,0.6246597060099084,AOMDV,0.5569627500672771,0.06769695594263125
INST_0257,50,50,15,2,2,100257,AOMDV,0.6028481020769909,AODV,0.538918800676434,0.06392930140055686
INST_0258,50,50,15,2,3,100258,AOMDV,0.6188238881006728,AODV,0.45158905442412967,0.16723483367654313
INST_0259,50,50,15,2,4,100259,AOMDV,0.6206284121804174,DSDV,0.6195811080498468,0.0010473041305706365
INST_0260,50,50,15,2,5,100260,AOMDV,0.6120790965322105,AODV,0.46820910108415603,0.14386999544805446
INST_0261,50,50,15,4,1,100261,DSDV,0.75,AOMDV,0.5009393813765807,0.24906061862341933
INST_0262,50,50,15,4,2,100262,AOMDV,0.6515332302523126,DSDV,0.5,0.15153323025231258
INST_0263,50,50,15,4,3,100263,DSDV,0.75,AOMDV,0.638897786512167,0.111102213487833
INST_0264,50,50,15,4,4,100264,AOMDV,0.6079387151748513,DSDV,0.5474774201956911,0.060461294979160196
INST_0265,50,50,15,4,5,100265,AOMDV,0.7349453774505424,DSDV,0.5,0.23494537745054245
INST_0266,50,50,15,8,1,100266,AOMDV,0.7412663977286832,DSDV,0.7059082845478668,0.035358113180816386
INST_0267,50,50,15,8,2,100267,AODV,0.5920660604950336,DSDV,0.5,0.09206606049503363
INST_0268,50,50,15,8,3,100268,DSDV,0.75,AOMDV,0.539760546130192,0.21023945386980802
INST_0269,50,50,15,8,4,100269,DSDV,0.75,AOMDV,0.37816858436326906,0.37183141563673094
INST_0270,50,50,15,8,5,100270,DSDV,0.75,AOMDV,0.4243417467930459,0.3256582532069541
INST_0271,50,50,20,2,1,100271,AOMDV,0.6119198623203947,AODV,0.4327886262606262,0.17913123605976855
INST_0272,50,50,20,2,2,100272,AOMDV,0.6163848115882417,DSDV,0.5338700536087733,0.08251475797946839
INST_0273,50,50,20,2,3,100273,AODV,0.6537616923019214,AOMDV,0.633338409159091,0.020423283142830373
INST_0274,50,50,20,2,4,100274,DSDV,0.75,AODV,0.4384943362745294,0.3115056637254706
INST_0275,50,50,20,2,5,100275,AOMDV,0.6018950410650324,DSDV,0.4422531902298956,0.15964185083513682
INST_0276,50,50,20,4,1,100276,DSDV,0.75,AOMDV,0.7093480123404088,0.040651987659591216
INST_0277,50,50,20,4,2,100277,DSDV,0.75,AOMDV,0.5816319890895993,0.16836801091040066
INST_0278,50,50,20,4,3,100278,AOMDV,0.8310734936645697,DSDV,0.5774487927563596,0.2536247009082101
INST_0279,50,50,20,4,4,100279,AOMDV,0.6538529998273316,DSDV,0.5,0.15385299982733158
INST_0280,50,50,20,4,5,100280,DSDV,0.75,AOMDV,0.6891984407445608,0.060801559255439175
INST_0281,50,50,20,8,1,100281,DSDV,0.75,AOMDV,0.37434037718124324,0.37565962281875676
INST_0282,50,50,20,8,2,100282,DSDV,0.75,AODV,0.3446283152456753,0.4053716847543247
INST_0283,50,50,20,8,3,100283,DSDV,0.7887731249999996,AODV,0.3318533150554822,0.4569198099445174
INST_0284,50,50,20,8,4,100284,DSDV,1.0,AOMDV,0.13825349661799485,0.8617465033820051
INST_0285,50,50,20,8,5,100285,DSDV,0.8760907433641265,AOMDV,0.5702293438850536,0.30586139947907287
INST_0286,50,50,25,2,1,100286,AOMDV,0.636850958981932,DSDV,0.4281441910092755,0.20870676797265653
INST_0287,50,50,25,2,2,100287,DSDV,0.6567964061443806,AOMDV,0.6304357736486711,0.026360632495709524
INST_0288,50,50,25,2,3,100288,AOMDV,0.6975261390262362,DSDV,0.39421283394706735,0.3033133050791688
INST_0289,50,50,25,2,4,100289,DSDV,0.75,AOMDV,0.5212596202042066,0.22874037979579342
INST_0290,50,50,25,2,5,100290,AOMDV,0.7489720075982166,DSDV,0.6974827943506351,0.05148921324758149
INST_0291,50,50,25,4,1,100291,DSDV,0.75,AOMDV,0.3492721967822607,0.4007278032177393
INST_0292,50,50,25,4,2,100292,DSDV,0.75,AOMDV,0.44273549972744664,0.30726450027255336
INST_0293,50,50,25,4,3,100293,AOMDV,0.7788413739226242,DSDV,0.75,0.028841373922624203
INST_0294,50,50,25,4,4,100294,DSDV,0.75,AOMDV,0.7000363961146014,0.049963603885398555
INST_0295,50,50,25,4,5,100295,DSDV,0.75,AOMDV,0.4371661904277184,0.3128338095722816
INST_0296,50,50,25,8,1,100296,DSDV,1.0,AODV,0.49379503758338805,0.506204962416612
INST_0297,50,50,25,8,2,100297,DSDV,0.9328965512464966,AODV,0.57586149643465,0.3570350548118466
INST_0298,50,50,25,8,3,100298,DSDV,1.0,AODV,0.25184995407921956,0.7481500459207804
INST_0299,50,50,25,8,4,100299,DSDV,1.0,AODV,0.3578690163329898,0.6421309836670102
INST_0300,50,50,25,8,5,100300,DSDV,1.0,AODV,0.3697383265823033,0.6302616734176967
INST_0301,100,20,5,2,1,100301,AODV,0.6706208546309621,AOMDV,0.6202404855974476,0.050380369033514505
INST_0302,100,20,5,2,2,100302,DSDV,0.7464658991876261,AOMDV,0.623497033111557,0.12296886607606905
INST_0303,100,20,5,2,3,100303,AODV,0.6642944599223961,AOMDV,0.5597015079499885,0.10459295197240759
INST_0304,100,20,5,2,4,100304,AODV,0.7003668399477526,AOMDV,0.6779954011658773,0.022371438781875308
INST_0305,100,20,5,2,5,100305,AODV,0.8704653133316576,AOMDV,0.6051805327205875,0.2652847806110701
INST_0306,100,20,5,4,1,100306,AOMDV,0.6589200229007242,AODV,0.5523365501704487,0.10658347273027546
INST_0307,100,20,5,4,2,100307,AODV,0.7042142611706682,AOMDV,0.6455223878827985,0.058691873287869734
INST_0308,100,20,5,4,3,100308,AODV,0.6887016032881694,AOMDV,0.6396837307755114,0.04901787251265799
INST_0309,100,20,5,4,4,100309,DSDV,0.7353115732078169,AOMDV,0.6334132887462439,0.10189828446157301
INST_0310,100,20,5,4,5,100310,DSDV,0.75,AOMDV,0.5672839367744887,0.18271606322551126
INST_0311,100,20,5,8,1,100311,AOMDV,0.6358700846674707,AODV,0.5547327050087821,0.08113737965868861
INST_0312,100,20,5,8,2,100312,DSDV,0.74282510875548,AOMDV,0.6105732621054742,0.13225184665000578
INST_0313,100,20,5,8,3,100313,DSDV,0.6809709230212396,AOMDV,0.6548609511727148,0.026109971848524816
INST_0314,100,20,5,8,4,100314,AODV,0.7040719300601045,AOMDV,0.5881083214837006,0.11596360857640386
INST_0315,100,20,5,8,5,100315,AODV,0.6893590727180122,AOMDV,0.5946501975308642,0.09470887518714799
INST_0316,100,20,10,2,1,100316,DSDV,0.75,AOMDV,0.47760355152623724,0.27239644847376276
INST_0317,100,20,10,2,2,100317,AOMDV,0.6557177613973396,AODV,0.540203335446788,0.11551442595055161
INST_0318,100,20,10,2,3,100318,AOMDV,0.6586794590499715,DSDV,0.6024048656645318,0.05627459338543972
INST_0319,100,20,10,2,4,100319,DSDV,0.75,AOMDV,0.5755371779734023,0.17446282202659769
INST_0320,100,20,10,2,5,100320,AOMDV,0.596172025120515,AODV,0.5727877349413761,0.0233842901791389
INST_0321,100,20,10,4,1,100321,AOMDV,0.6503579937913317,AODV,0.5103277783917115,0.14003021539962024
INST_0322,100,20,10,4,2,100322,DSDV,0.75,AOMDV,0.5734327451925747,0.1765672548074253
INST_0323,100,20,10,4,3,100323,DSDV,0.75,AODV,0.5042158291232308,0.24578417087676918
INST_0324,100,20,10,4,4,100324,AOMDV,0.6317900127993584,DSDV,0.5094095347561167,0.1223804780432417
INST_0325,100,20,10,4,5,100325,DSDV,0.7379927937226964,AOMDV,0.6179749213275461,0.12001787239515038
INST_0326,100,20,10,8,1,100326,DSDV,0.75,AOMDV,0.46969476814397043,0.28030523185602957
INST_0327,100,20,10,8,2,100327,DSDV,0.75,AOMDV,0.383413113832054,0.366586886167946
INST_0328,100,20,10,8,3,100328,AOMDV,0.740592488883784,DSDV,0.5896274001153028,0.15096508876848125
INST_0329,100,20,10,8,4,100329,AOMDV,0.7157426546700256,DSDV,0.6988125559961859,0.016930098673839766
INST_0330,100,20,10,8,5,100330,AOMDV,0.7000485780530687,DSDV,0.6170527934556466,0.08299578459742218
INST_0331,100,20,15,2,1,100331,DSDV,0.75,AOMDV,0.5642807970470498,0.1857192029529502
INST_0332,100,20,15,2,2,100332,AOMDV,0.6179921730975335,AODV,0.5041240292014045,0.11386814389612898
INST_0333,100,20,15,2,3,100333,AOMDV,0.644259808503939,AODV,0.6159615070083119,0.028298301495627176
INST_0334,100,20,15,2,4,100334,AOMDV,0.5811032270425502,AODV,0.49973012747994994,0.0813730995626003
INST_0335,100,20,15,2,5,100335,AODV,0.5946494356156617,AOMDV,0.5904087978224756,0.004240637793186175
INST_0336,100,20,15,4,1,100336,AOMDV,0.7885743211763299,DSDV,0.75,0.03857432117632986
INST_0337,100,20,15,4,2,100337,DSDV,0.75,AOMDV,0.6212499742369777,0.1287500257630223
INST_0338,100,20,15,4,3,100338,AOMDV,0.7215401909478638,DSDV,0.6434649112897343,0.07807527965812955
INST_0339,100,20,15,4,4,100339,AOMDV,0.8433885629433548,DSDV,0.6967368386051058,0.14665172433824902
INST_0340,100,20,15,4,5,100340,DSDV,0.75,AOMDV,0.5861084228199749,0.16389157718002512
INST_0341,100,20,15,8,1,100341,DSDV,1.0,AODV,0.18140242684997404,0.8185975731500259
INST_0342,100,20,15,8,2,100342,DSDV,0.9290890402826516,AOMDV,0.49075794177723175,0.43833109850541985
INST_0343,100,20,15,8,3,100343,DSDV,0.9220336587777163,AOMDV,0.6168493573240583,0.30518430145365794
INST_0344,100,20,15,8,4,100344,DSDV,1.0,AOMDV,0.22085700637893813,0.7791429936210619
INST_0345,100,20,15,8,5,100345,AOMDV,0.8044850730689537,DSDV,0.6976330496282986,0.10685202344065503
INST_0346,100,20,20,2,1,100346,AOMDV,0.6648772099331655,DSDV,0.5,0.16487720993316546
INST_0347,100,20,20,2,2,100347,DSDV,0.75,AOMDV,0.37957950089479503,0.37042049910520497
INST_0348,100,20,20,2,3,100348,AOMDV,0.623669277471552,DSDV,0.56331942204129,0.060349855430261945
INST_0349,100,20,20,2,4,100349,DSDV,0.6249225431908193,AOMDV,0.5621640578775023,0.06275848531331696
INST_0350,100,20,20,2,5,100350,DSDV,0.75,AOMDV,0.44235049246348207,0.30764950753651793
INST_0351,100,20,20,4,1,100351,DSDV,1.0,AOMDV,0.1892763704312,0.8107236295688001
INST_0352,100,20,20,4,2,100352,DSDV,0.75,AOMDV,0.6809426087901164,0.06905739120988363
INST_0353,100,20,20,4,3,100353,AOMDV,0.8879877500612696,DSDV,0.722049477775627,0.16593827228564262
INST_0354,100,20,20,4,4,100354,DSDV,0.9104355160101798,AOMDV,0.5292073649173906,0.3812281510927892
INST_0355,100,20,20,4,5,100355,AOMDV,0.8443794955106197,DSDV,0.75,0.09437949551061975
INST_0356,100,20,20,8,1,100356,DSDV,0.815179928989892,AODV,0.6269547199101427,0.18822520907974927
INST_0357,100,20,20,8,2,100357,DSDV,1.0,AODV,0.2792417809973649,0.7207582190026351
INST_0358,100,20,20,8,3,100358,DSDV,1.0,AOMDV,0.31326593509469697,0.6867340649053031
INST_0359,100,20,20,8,4,100359,DSDV,0.75,AOMDV,0.36313571126948296,0.38686428873051704
INST_0360,100,20,20,8,5,100360,DSDV,0.9784954618310644,AODV,0.5789898052508358,0.39950565658022863
INST_0361,100,20,25,2,1,100361,DSDV,0.75,AOMDV,0.6543347114632325,0.09566528853676748
INST_0362,100,20,25,2,2,100362,AOMDV,0.5913693761716116,DSDV,0.5903653304205155,0.0010040457510960277
INST_0363,100,20,25,2,3,100363,AOMDV,0.6344611483539677,DSDV,0.458768417615754,0.17569273073821373
INST_0364,100,20,25,2,4,100364,AOMDV,0.7995830898005868,DSDV,0.75,0.04958308980058679
INST_0365,100,20,25,2,5,100365,AOMDV,0.5831709131491449,DSDV,0.5511098786289194,0.03206103452022557
INST_0366,100,20,25,4,1,100366,DSDV,1.0,AOMDV,0.1505113266099497,0.8494886733900503
INST_0367,100,20,25,4,2,100367,DSDV,0.9918467835547171,AOMDV,0.6591210224550457,0.33272576109967145
INST_0368,100,20,25,4,3,100368,DSDV,0.9469931093403481,AOMDV,0.6315683597473865,0.31542474959296163
INST_0369,100,20,25,4,4,100369,DSDV,1.0,AODV,0.1496203442398631,0.8503796557601369
INST_0370,100,20,25,4,5,100370,DSDV,1.0,AOMDV,0.31479206011338945,0.6852079398866106
INST_0371,100,20,25,8,1,100371,DSDV,1.0,AODV,0.5319095356597425,0.4680904643402575
INST_0372,100,20,25,8,2,100372,DSDV,0.9333080300488715,AODV,0.6345895804482246,0.298718449600647
INST_0373,100,20,25,8,3,100373,DSDV,1.0,AOMDV,0.23995622789025098,0.760043772109749
INST_0374,100,20,25,8,4,100374,DSDV,1.0,AOMDV,0.322168536299276,0.677831463700724
INST_0375,100,20,25,8,5,100375,DSDV,0.7294600754865689,AODV,0.673395510003124,0.05606456548344485
INST_0376,100,30,5,2,1,100376,AOMDV,0.5920000018143999,DSDV,0.5759536814844235,0.016046320329976438
INST_0377,100,30,5,2,2,100377,AODV,0.7103029140154238,AOMDV,0.6338345927242919,0.0764683212911319
INST_0378,100,30,5,2,3,100378,AODV,0.7303441847980897,AOMDV,0.6035856609418899,0.1267585238561998
INST_0379,100,30,5,2,4,100379,AOMDV,0.6163328179758596,AODV,0.5653317504314508,0.05100106754440881
INST_0380,100,30,5,2,5,100380,AODV,0.8146820552724765,AOMDV,0.5962732934228039,0.21840876184967262
INST_0381,100,30,5,4,1,100381,AOMDV,0.585516466543989,AODV,0.4790161578591208,0.10650030868486826
INST_0382,100,30,5,4,2,100382,DSDV,0.7410623753822642,AOMDV,0.5737167409148323,0.1673456344674319
INST_0383,100,30,5,4,3,100383,AOMDV,0.6042517028918506,AODV,0.5823054185431462,0.02194628434870438
INST_0384,100,30,5,4,4,100384,AODV,0.9166712357186768,AOMDV,0.5993657492412694,0.3173054864774074
INST_0385,100,30,5,4,5,100385,DSDV,0.7436672021438986,AOMDV,0.5790331764578455,0.16463402568605312
INST_0386,100,30,5,8,1,100386,AODV,0.6731708323389851,AOMDV,0.6337389442168533,0.03943188812213183
INST_0387,100,30,5,8,2,100387,AOMDV,0.6248007970141742,AODV,0.5655823127884445,0.05921848422572973
INST_0388,100,30,5,8,3,100388,AODV,0.6721089468475824,DSDV,0.6696583990414733,0.0024505478061090935
INST_0389,100,30,5,8,4,100389,DSDV,0.75,AODV,0.620044368215233,0.129955631784767
INST_0390,100,30,5,8,5,100390,DSDV,0.75,AOMDV,0.5410840998184885,0.20891590018151152
INST_0391,100,30,10,2,1,100391,AOMDV,0.6300140719210833,AODV,0.5436251138453725,0.08638895807571079
INST_0392,100,30,10,2,2,100392,AOMDV,0.6321966301225206,DSDV,0.4699648517796868,0.1622317783428338
INST_0393,100,30,10,2,3,100393,AODV,0.6250985732954564,AOMDV,0.5912311722826269,0.03386740101282948
INST_0394,100,30,10,2,4,100394,AODV,0.6815850298131542,AOMDV,0.6134726244124193,0.06811240540073482
INST_0395,100,30,10,2,5,100395,AODV,0.6230540242358207,AOMDV,0.5996063038663275,0.023447720369493164
INST_0396,100,30,10,4,1,100396,AODV,0.6384409171685043,AOMDV,0.624806800811736,0.013634116356768256
INST_0397,100,30,10,4,2,100397,AOMDV,0.591003217584805,AODV,0.5072227830962744,0.08378043448853056
INST_0398,100,30,10,4,3,100398,AODV,0.6069137494782182,AOMDV,0.5988589595959596,0.008054789882258606
INST_0399,100,30,10,4,4,100399,AODV,0.6880144298408993,AOMDV,0.602619232233145,0.08539519760775438
INST_0400,100,30,10,4,5,100400,AOMDV,0.6137905033573187,DSDV,0.45147019340451267,0.162320309952806
INST_0401,100,30,10,8,1,100401,DSDV,0.75,AOMDV,0.3082177418428724,0.4417822581571276
INST_0402,100,30,10,8,2,100402,AOMDV,0.7880846969449231,DSDV,0.44622797170229134,0.3418567252426318
INST_0403,100,30,10,8,3,100403,AOMDV,0.8203418014611212,DSDV,0.5996046124496511,0.2207371890114701
INST_0404,100,30,10,8,4,100404,AOMDV,0.8249607720589208,DSDV,0.5600549223654083,0.2649058496935125
INST_0405,100,30,10,8,5,100405,AODV,0.6037648231497057,AOMDV,0.5795213198673687,0.024243503282337042
INST_0406,100,30,15,2,1,100406,AOMDV,0.6147859925628133,AODV,0.5998421569873891,0.014943835575424225
INST_0407,100,30,15,2,2,100407,AOMDV,0.6025676396983921,AODV,0.45177988063954044,0.15078775905885167
INST_0408,100,30,15,2,3,100408,AODV,0.594608596527175,AOMDV,0.5892272461733334,0.005381350353841574
INST_0409,100,30,15,2,4,100409,AODV,0.6205092992130914,AOMDV,0.5246235547208316,0.09588574449225984
INST_0410,100,30,15,2,5,100410,DSDV,0.75,AOMDV,0.522433714582394,0.22756628541760604
INST_0411,100,30,15,4,1,100411,DSDV,0.6427997111227927,AOMDV,0.5851273544134161,0.05767235670937654
INST_0412,100,30,15,4,2,100412,AOMDV,0.6651844639107626,DSDV,0.3725932232111108,0.29259124069965176
INST_0413,100,30,15,4,3,100413,AOMDV,0.6357108445347558,DSDV,0.4027903063477354,0.2329205381870204
INST_0414,100,30,15,4,4,100414,AOMDV,0.8975326111949988,DSDV,0.40039569575033235,0.4971369154446665
INST_0415,100,30,15,4,5,100415,AOMDV,0.6765749420316389,AODV,0.5091265482454874,0.1674483937861515
INST_0416,100,30,15,8,1,100416,DSDV,0.7398755022127386,AODV,0.3888523893647641,0.3510231128479745
INST_0417,100,30,15,8,2,100417,AOMDV,0.6123199841926458,DSDV,0.6054595277387801,0.006860456453865682
INST_0418,100,30,15,8,3,100418,DSDV,0.9768806199692235,AOMDV,0.5532200470593515,0.423660572909872
INST_0419,100,30,15,8,4,100419,AODV,0.7312178516417812,AOMDV,0.5086221148323115,0.22259573680946976
INST_0420,100,30,15,8,5,100420,AODV,0.5684272970416832,DSDV,0.5,0.06842729704168315
INST_0421,100,30,20,2,1,100421,AOMDV,0.5913966792742325,AODV,0.41810801782725193,0.17328866144698052
INST_0422,100,30,20,2,2,100422,AOMDV,0.6130653280587497,AODV,0.5121000322383927,0.10096529582035696
INST_0423,100,30,20,2,3,100423,AOMDV,0.5947978243219194,AODV,0.5275139237820227,0.06728390053989675
INST_0424,100,30,20,2,4,100424,AODV,0.6580965572550942,AOMDV,0.6059855201768746,0.052111037078219624
INST_0425,100,30,20,2,5,100425,AODV,0.5985498890202693,AOMDV,0.59515707100847,0.003392818011799248
INST_0426,100,30,20,4,1,100426,AOMDV,0.7265697733846461,DSDV,0.5948251699053428,0.13174460347930328
INST_0427,100,30,20,4,2,100427,AOMDV,0.7355696124686671,DSDV,0.5,0.23556961246866714
INST_0428,100,30,20,4,3,100428,AOMDV,0.8982652827422871,DSDV,0.5133991045851903,0.3848661781570968
INST_0429,100,30,20,4,4,100429,AOMDV,0.8623515783220213,DSDV,0.7110540251168581,0.15129755320516314
INST_0430,100,30,20,4,5,100430,AOMDV,0.8666269274902896,DSDV,0.5102911143485191,0.35633581314177043
INST_0431,100,30,20,8,1,100431,DSDV,1.0,AODV,0.21516938384379036,0.7848306161562096
INST_0432,100,30,20,8,2,100432,DSDV,0.9032415042833828,AODV,0.4209163244871865,0.48232517979619627
INST_0433,100,30,20,8,3,100433,DSDV,0.75,AODV,0.45838013168864494,0.29161986831135506
INST_0434,100,30,20,8,4,100434,DSDV,0.75,AOMDV,0.37185936933936425,0.37814063066063575
INST_0435,100,30,20,8,5,100435,DSDV,1.0,AOMDV,0.1389379701304027,0.8610620298695972
INST_0436,100,30,25,2,1,100436,AOMDV,0.6385682402385808,AODV,0.4140249954968525,0.22454324474172832
INST_0437,100,30,25,2,2,100437,AOMDV,0.588201733496081,AODV,0.3892993384538037,0.19890239504227725
INST_0438,100,30,25,2,3,100438,AODV,0.6385825422970997,AOMDV,0.6178718312345025,0.020710711062597142
INST_0439,100,30,25,2,4,100439,AOMDV,0.7174010211778749,AODV,0.4587037529841521,0.25869726819372274
INST_0440,100,30,25,2,5,100440,AODV,0.5343784501665981,AOMDV,0.48487593310312965,0.049502517063468476
INST_0441,100,30,25,4,1,100441,DSDV,0.963929740636438,AOMDV,0.5347033792450355,0.42922636139140247
INST_0442,100,30,25,4,2,100442,DSDV,0.775496665769051,AOMDV,0.38405252551101127,0.3914441402580397
INST_0443,100,30,25,4,3,100443,DSDV,0.9652026979569932,AOMDV,0.6239329422014495,0.34126975575554375
INST_0444,100,30,25,4,4,100444,DSDV,0.9474865763467403,AOMDV,0.3819900943648371,0.5654964819819032
INST_0445,100,30,25,4,5,100445,DSDV,1.0,AOMDV,0.3898968001455972,0.6101031998544029
INST_0446,100,30,25,8,1,100446,DSDV,1.0,AODV,0.4309413127148015,0.5690586872851985
INST_0447,100,30,25,8,2,100447,DSDV,0.9076148843610313,AODV,0.6196792321714589,0.2879356521895724
INST_0448,100,30,25,8,3,100448,DSDV,1.0,AOMDV,0.2652335266260485,0.7347664733739515
INST_0449,100,30,25,8,4,100449,DSDV,0.75,AOMDV,0.4725389131882284,0.2774610868117716
INST_0450,100,30,25,8,5,100450,DSDV,0.7804871986064952,AODV,0.4888121578735011,0.2916750407329941
INST_0451,100,40,5,2,1,100451,AODV,0.7138005867516799,AOMDV,0.6469613229916669,0.06683926376001303
INST_0452,100,40,5,2,2,100452,AODV,0.7974144682010499,AOMDV,0.6441947497843288,0.1532197184167211
INST_0453,100,40,5,2,3,100453,DSDV,0.7441289316638834,AODV,0.5,0.2441289316638834
INST_0454,100,40,5,2,4,100454,AODV,0.6367045381405704,AOMDV,0.6113721745602845,0.0253323635802859
INST_0455,100,40,5,2,5,100455,AODV,0.6955475264503137,AOMDV,0.6125637750160252,0.08298375143428849
INST_0456,100,40,5,4,1,100456,AODV,0.7146240080195806,AOMDV,0.6205636717767313,0.09406033624284926
INST_0457,100,40,5,4,2,100457,DSDV,0.746147202349696,AOMDV,0.58199978514654,0.16414741720315595
INST_0458,100,40,5,4,3,100458,DSDV,0.7247396990130132,AODV,0.5,0.22473969901301316
INST_0459,100,40,5,4,4,100459,DSDV,0.7009921352989534,AOMDV,0.6069148897363058,0.09407724556264763
INST_0460,100,40,5,4,5,100460,AOMDV,0.6359922149228603,DSDV,0.48629401469197064,0.14969820023088964
INST_0461,100,40,5,8,1,100461,AODV,0.6913757139317994,AOMDV,0.6222327647268859,0.06914294920491348
INST_0462,100,40,5,8,2,100462,DSDV,0.6910413382435665,AOMDV,0.5843621358024691,0.10667920244109741
INST_0463,100,40,5,8,3,100463,AODV,0.9207772891940851,AOMDV,0.6283837546157424,0.2923935345783427
INST_0464,100,40,5,8,4,100464,DSDV,0.7132601298549497,AOMDV,0.621510380408166,0.09174974944678371
INST_0465,100,40,5,8,5,100465,AOMDV,0.6133789048327638,AODV,0.4809128026188926,0.13246610221387123
INST_0466,100,40,10,2,1,100466,AODV,0.769371280877797,AOMDV,0.6085814307081011,0.16078985016969594
INST_0467,100,40,10,2,2,100467,AODV,0.6607666584908503,DSDV,0.5840699128133349,0.07669674567751539
INST_0468,100,40,10,2,3,100468,AODV,0.7099240611079352,AOMDV,0.5924782001485707,0.11744586095936449
INST_0469,100,40,10,2,4,100469,AODV,0.6488722852779153,AOMDV,0.627396163653809,0.02147612162410628
INST_0470,100,40,10,2,5,100470,AODV,0.7737681226701525,AOMDV,0.5740154759742917,0.1997526466958608
INST_0471,100,40,10,4,1,100471,AOMDV,0.6221969194192097,AODV,0.4519193982969966,0.17027752112221312
INST_0472,100,40,10,4,2,100472,AOMDV,0.5961109047843557,AODV,0.4821893905560782,0.11392151422827751
INST_0473,100,40,10,4,3,100473,AOMDV,0.598571952376006,AODV,0.5831992250135078,0.015372727362498173
INST_0474,100,40,10,4,4,100474,AODV,0.6629132517283641,AOMDV,0.5907859246783937,0.07212732704997038
INST_0475,100,40,10,4,5,100475,AOMDV,0.5765931422559832,AODV,0.5120092156731836,0.06458392658279966
INST_0476,100,40,10,8,1,100476,AOMDV,0.7974271632143949,DSDV,0.5974263452166555,0.2000008179977394
INST_0477,100,40,10,8,2,100477,AOMDV,0.7337898646499939,AODV,0.4505339869473697,0.28325587770262417
INST_0478,100,40,10,8,3,100478,AOMDV,0.8846346041460763,AODV,0.469293563816814,0.41534104032926233
INST_0479,100,40,10,8,4,100479,AOMDV,0.7073472118605132,DSDV,0.3618617467010896,0.3454854651594236
INST_0480,100,40,10,8,5,100480,AOMDV,0.811107388126198,AODV,0.6499424925771844,0.1611648955490136
INST_0481,100,40,15,2,1,100481,AOMDV,0.5986811135619261,AODV,0.5755995177743436,0.02308159578758251
INST_0482,100,40,15,2,2,100482,AOMDV,0.6143258440643543,AODV,0.4933178436134974,0.12100800045085691
INST_0483,100,40,15,2,3,100483,AOMDV,0.5927444772947288,AODV,0.5770124531938313,0.015732024100897468
INST_0484,100,40,15,2,4,100484,AODV,0.7788710499369746,AOMDV,0.6227530785460538,0.15611797139092087
INST_0485,100,40,15,2,5,100485,AODV,0.6265517515084338,AOMDV,0.5934840410177116,0.03306771049072221
INST_0486,100,40,15,4,1,100486,AOMDV,0.7023288892147462,DSDV,0.3745000009140499,0.32782888830069634
INST_0487,100,40,15,4,2,100487,AOMDV,0.7366845234064214,DSDV,0.33454571391401355,0.4021388094924079
INST_0488,100,40,15,4,3,100488,AOMDV,0.6924394657113742,AODV,0.5207487885060822,0.17169067720529196
INST_0489,100,40,15,4,4,100489,AOMDV,0.8053506595979433,DSDV,0.40362558676330074,0.40172507283464254
INST_0490,100,40,15,4,5,100490,AOMDV,0.7082037486320816,DSDV,0.44612029729808544,0.26208345133399613
INST_0491,100,40,15,8,1,100491,DSDV,0.6822430430081253,AOMDV,0.5703269791821194,0.11191606382600594
INST_0492,100,40,15,8,2,100492,AODV,0.75,DSDV,0.4715435725643538,0.2784564274356462
INST_0493,100,40,15,8,3,100493,AOMDV,0.765333614139228,DSDV,0.7571214564265536,0.008212157712674362
INST_0494,100,40,15,8,4,100494,AOMDV,0.6059852400592846,DSDV,0.5421496224665521,0.06383561759273249
INST_0495,100,40,15,8,5,100495,AODV,0.5938863502543508,AOMDV,0.5887277240441308,0.0051586262102200076
INST_0496,100,40,20,2,1,100496,DSDV,0.6526283100478429,AODV,0.5585408123547912,0.09408749769305169
INST_0497,100,40,20,2,2,100497,AOMDV,0.574159768668521,DSDV,0.4192252539669553,0.15493451470156572
INST_0498,100,40,20,2,3,100498,AODV,0.5582173875945442,AOMDV,0.5517136059458907,0.006503781648653506
INST_0499,100,40,20,2,4,100499,AODV,0.6307236524104831,AOMDV,0.6131528077534054,0.0175708446570777
INST_0500,100,40,20,2,5,100500,AOMDV,0.6016383538755419,DSDV,0.45334536152140936,0.1482929923541325
INST_0501,100,40,20,4,1,100501,AOMDV,0.6142958166695007,DSDV,0.5,0.11429581666950073
INST_0502,100,40,20,4,2,100502,AOMDV,0.8757804371296316,DSDV,0.38513999140107,0.4906404457285616
INST_0503,100,40,20,4,3,100503,AOMDV,0.9108224881061848,DSDV,0.3163712915266714,0.5944511965795134
INST_0504,100,40,20,4,4,100504,AOMDV,0.9146294599484349,DSDV,0.42651057597208997,0.48811888397634495
INST_0505,100,40,20,4,5,100505,AOMDV,0.8729112299590983,DSDV,0.4802739976311288,0.3926372323279695
INST_0506,100,40,20,8,1,100506,DSDV,1.0,AOMDV,0.2821943695785692,0.7178056304214309
INST_0507,100,40,20,8,2,100507,DSDV,1.0,AOMDV,0.3082392607109281,0.6917607392890719
INST_0508,100,40,20,8,3,100508,DSDV,1.0,AOMDV,0.24978940317655346,0.7502105968234465
INST_0509,100,40,20,8,4,100509,DSDV,1.0,AODV,0.24476562237674823,0.7552343776232517
INST_0510,100,40,20,8,5,100510,AODV,0.6755429576329018,DSDV,0.5811753412326794,0.0943676164002224
INST_0511,100,40,25,2,1,100511,AOMDV,0.7605411773234245,DSDV,0.3923472848926261,0.3681938924307984
INST_0512,100,40,25,2,2,100512,AOMDV,0.6062871441374917,AODV,0.43948088709485367,0.16680625704263807
INST_0513,100,40,25,2,3,100513,AOMDV,0.6503822318872738,AODV,0.5423861965445356,0.10799603534273827
INST_0514,100,40,25,2,4,100514,AOMDV,0.7581446832306422,AODV,0.3655884248675534,0.39255625836308883
INST_0515,100,40,25,2,5,100515,AOMDV,0.6018858455109705,AODV,0.4491386745443151,0.15274717096665535
INST_0516,100,40,25,4,1,100516,DSDV,1.0,AOMDV,0.6156534466526579,0.38434655334734213
INST_0517,100,40,25,4,2,100517,DSDV,0.903756504482,AOMDV,0.6388560405165771,0.2649004639654229
INST_0518,100,40,25,4,3,100518,DSDV,0.8838621781785909,AOMDV,0.7133044093006413,0.1705577688779496
INST_0519,100,40,25,4,4,100519,DSDV,0.9346314424946948,AOMDV,0.6353299893254729,0.29930145316922185
INST_0520,100,40,25,4,5,100520,DSDV,0.9885993225599189,AOMDV,0.6293099742166448,0.3592893483432741
INST_0521,100,40,25,8,1,100521,DSDV,1.0,AOMDV,0.32555485246080845,0.6744451475391915
INST_0522,100,40,25,8,2,100522,DSDV,0.9413754741628053,AODV,0.5798782160628849,0.3614972580999204
INST_0523,100,40,25,8,3,100523,DSDV,0.7455497668630833,AOMDV,0.4818822679689374,0.26366749889414587
INST_0524,100,40,25,8,4,100524,DSDV,1.0,AODV,0.24173818429224608,0.7582618157077539
INST_0525,100,40,25,8,5,100525,DSDV,1.0,AODV,0.29969443518576117,0.7003055648142389
INST_0526,100,50,5,2,1,100526,AODV,0.730641415969434,AOMDV,0.610589812841859,0.12005160312757501
INST_0527,100,50,5,2,2,100527,AODV,0.75,DSDV,0.5904081447372149,0.15959185526278508
INST_0528,100,50,5,2,3,100528,AODV,0.7688417977377522,AOMDV,0.5762362615711041,0.1926055361666481
INST_0529,100,50,5,2,4,100529,DSDV,0.7410404932375405,AODV,0.5451894193242016,0.1958510739133389
INST_0530,100,50,5,2,5,100530,DSDV,0.75,AODV,0.6172326765070697,0.1327673234929303
INST_0531,100,50,5,4,1,100531,DSDV,0.6425912716238645,AOMDV,0.5919477656060368,0.050643506017827744
INST_0532,100,50,5,4,2,100532,AODV,0.6729893315993003,AOMDV,0.5988612838367862,0.07412804776251414
INST_0533,100,50,5,4,3,100533,AODV,0.713596001677431,AOMDV,0.5663851290273465,0.14721087265008448
INST_0534,100,50,5,4,4,100534,AODV,0.7481219822538208,AOMDV,0.5056602242281303,0.24246175802569048
INST_0535,100,50,5,4,5,100535,AODV,0.7006982282213604,AOMDV,0.5877084645115275,0.11298976370983294
INST_0536,100,50,5,8,1,100536,AODV,0.7284989523243566,AOMDV,0.6058716170116922,0.12262733531266434
INST_0537,100,50,5,8,2,100537,DSDV,0.6173657692446477,AOMDV,0.5715862370828069,0.04577953216184083
INST_0538,100,50,5,8,3,100538,AODV,0.6428809629950035,AOMDV,0.5935613715509499,0.04931959144405362
INST_0539,100,50,5,8,4,100539,AODV,0.6330251439099939,AOMDV,0.5860103685221079,0.04701477538788601
INST_0540,100,50,5,8,5,100540,AOMDV,0.6037114615606792,AODV,0.5742952589978548,0.0294162025628244
INST_0541,100,50,10,2,1,100541,AODV,0.6731490340858705,AOMDV,0.5441663071058056,0.12898272698006485
INST_0542,100,50,10,2,2,100542,AOMDV,0.5916594205325929,DSDV,0.5244872846387323,0.06717213589386062
INST_0543,100,50,10,2,3,100543,AODV,0.6833468141925726,AOMDV,0.5182433443856908,0.16510346980688184
INST_0544,100,50,10,2,4,100544,AODV,0.6198837512998141,AOMDV,0.5912213662420605,0.028662385057753648
INST_0545,100,50,10,2,5,100545,AOMDV,0.5721212149476584,AODV,0.5303639304897032,0.041757284457955235
INST_0546,100,50,10,4,1,100546,AODV,0.6653568128690724,AOMDV,0.5955954323576452,0.06976138051142722
INST_0547,100,50,10,4,2,100547,AODV,0.7432791500420981,AOMDV,0.5407994975568136,0.20247965248528454
INST_0548,100,50,10,4,3,100548,AODV,0.6168033687683864,DSDV,0.3347933832672548,0.2820099855011316
INST_0549,100,50,10,4,4,100549,AODV,0.6214001973448023,AOMDV,0.6170515066786971,0.004348690666105215
INST_0550,100,50,10,4,5,100550,AOMDV,0.6827652355596849,AODV,0.5124446798820439,0.17032055567764104
INST_0551,100,50,10,8,1,100551,AOMDV,0.7101308741116752,DSDV,0.5,0.2101308741116752
INST_0552,100,50,10,8,2,100552,AOMDV,0.8616482097271029,AODV,0.36888034070144565,0.4927678690256572
INST_0553,100,50,10,8,3,100553,AOMDV,0.8647089572239322,AODV,0.511451883889333,0.3532570733345991
INST_0554,100,50,10,8,4,100554,AODV,0.5410099625052263,DSDV,0.5,0.04100996250522626
INST_0555,100,50,10,8,5,100555,AOMDV,0.8128007339578807,AODV,0.693299378809368,0.11950135514851268
INST_0556,100,50,15,2,1,100556,AODV,0.6274864383473107,AOMDV,0.5922067916666667,0.03527964668064398
INST_0557,100,50,15,2,2,100557,AOMDV,0.5678378398376918,AODV,0.5333553815824088,0.034482458255282955
INST_0558,100,50,15,2,3,100558,AOMDV,0.5721468115870318,DSDV,0.4383212333790425,0.13382557820798935
INST_0559,100,50,15,2,4,100559,AOMDV,0.5880655569716635,AODV,0.48868816082724,0.09937739614442354
INST_0560,100,50,15,2,5,100560,AOMDV,0.570654530898357,AODV,0.46179976477109186,0.10885476612726519
INST_0561,100,50,15,4,1,100561,AOMDV,0.6651805900217801,AODV,0.4150616451943208,0.2501189448274593
INST_0562,100,50,15,4,2,100562,AOMDV,0.8109616285989988,AODV,0.34308087384671604,0.46788075475228275
INST_0563,100,50,15,4,3,100563,AOMDV,0.8162418109216913,AODV,0.5072032973536306,0.3090385135680608
INST_0564,100,50,15,4,4,100564,AOMDV,0.7094807112728786,DSDV,0.5211259859586448,0.1883547253142338
INST_0565,100,50,15,4,5,100565,AOMDV,0.9194453878050723,DSDV,0.383710373263693,0.5357350145413793
INST_0566,100,50,15,8,1,100566,DSDV,0.638641403900178,AOMDV,0.6266119769978262,0.012029426902351759
INST_0567,100,50,15,8,2,100567,DSDV,0.75,AOMDV,0.3725541342705445,0.3774458657294555
INST_0568,100,50,15,8,3,100568,AOMDV,0.6255142359537103,DSDV,0.5,0.12551423595371025
INST_0569,100,50,15,8,4,100569,DSDV,0.8190743297562062,AOMDV,0.44624736657832953,0.37282696317787667
INST_0570,100,50,15,8,5,100570,AOMDV,0.6526432252738528,DSDV,0.5,0.15264322527385277
INST_0571,100,50,20,2,1,100571,AOMDV,0.6162597161545749,AODV,0.5034225060708764,0.11283721008369851
INST_0572,100,50,20,2,2,100572,AOMDV,0.5782674783439601,DSDV,0.34774602766802043,0.23052145067593965
INST_0573,100,50,20,2,3,100573,AOMDV,0.6267092839282505,AODV,0.48976996003875584,0.1369393238894947
INST_0574,100,50,20,2,4,100574,AOMDV,0.6259110252849178,AODV,0.4418661496351864,0.18404487564973143
INST_0575,100,50,20,2,5,100575,AOMDV,0.6903112086741074,AODV,0.32162772888740765,0.3686834797866998
INST_0576,100,50,20,4,1,100576,AOMDV,0.8720906494660116,DSDV,0.5990727800396848,0.2730178694263268
INST_0577,100,50,20,4,2,100577,AOMDV,0.8961419437010878,DSDV,0.5759882436675435,0.32015370003354426
INST_0578,100,50,20,4,3,100578,AOMDV,0.9073403645879119,DSDV,0.41533545862449944,0.49200490596341245
INST_0579,100,50,20,4,4,100579,AOMDV,0.6454941744067441,DSDV,0.5,0.14549417440674406
INST_0580,100,50,20,4,5,100580,AOMDV,0.8714867174034038,DSDV,0.5722182056143088,0.29926851178909497
INST_0581,100,50,20,8,1,100581,DSDV,1.0,AOMDV,0.2805331996808682,0.7194668003191318
INST_0582,100,50,20,8,2,100582,DSDV,0.794479249617261,AOMDV,0.40011615433422193,0.3943630952830391
INST_0583,100,50,20,8,3,100583,DSDV,1.0,AODV,0.568630617521523,0.431369382478477
INST_0584,100,50,20,8,4,100584,DSDV,0.9966888224066123,AOMDV,0.3548504415462398,0.6418383808603725
INST_0585,100,50,20,8,5,100585,DSDV,1.0,AODV,0.317630764684112,0.682369235315888
INST_0586,100,50,25,2,1,100586,AOMDV,0.8042095164422197,AODV,0.35153137241499666,0.45267814402722306
INST_0587,100,50,25,2,2,100587,AOMDV,0.6700990255608592,AODV,0.36610417167987497,0.30399485388098424
INST_0588,100,50,25,2,3,100588,AOMDV,0.7515246914441012,DSDV,0.5247013651007411,0.2268233263433601
INST_0589,100,50,25,2,4,100589,AOMDV,0.7862797207883485,DSDV,0.3243172390347432,0.4619624817536053
INST_0590,100,50,25,2,5,100590,AOMDV,0.8248961814456707,DSDV,0.33055380594069206,0.4943423755049786
INST_0591,100,50,25,4,1,100591,DSDV,0.9398644325104513,AOMDV,0.6987593104232157,0.24110512208723556
INST_0592,100,50,25,4,2,100592,DSDV,0.6185842558739081,AOMDV,0.6093063866398121,0.009277869234096014
INST_0593,100,50,25,4,3,100593,DSDV,0.9147474552439394,AOMDV,0.7210819254829917,0.19366552976094775
INST_0594,100,50,25,4,4,100594,DSDV,1.0,AOMDV,0.5307060749267267,0.4692939250732733
INST_0595,100,50,25,4,5,100595,DSDV,1.0,AOMDV,0.40947922158675554,0.5905207784132445
INST_0596,100,50,25,8,1,100596,DSDV,1.0,AODV,0.15967551782352477,0.8403244821764753
INST_0597,100,50,25,8,2,100597,DSDV,0.7941923533816706,AODV,0.6305485563548014,0.16364379702686915
INST_0598,100,50,25,8,3,100598,DSDV,1.0,AODV,0.31503488247911415,0.6849651175208858
INST_0599,100,50,25,8,4,100599,DSDV,1.0,AODV,0.25138832058776606,0.7486116794122339
INST_0600,100,50,25,8,5,100600,DSDV,1.0,AODV,0.45092954833544974,0.5490704516645503
INST_0601,150,20,5,2,1,100601,AOMDV,0.7132152572518913,AODV,0.6635370841809985,0.04967817307089273
INST_0602,150,20,5,2,2,100602,DSDV,0.6610973541862691,AOMDV,0.6437277571280148,0.01736959705825436
INST_0603,150,20,5,2,3,100603,DSDV,0.6927774170212673,AOMDV,0.5813172123981094,0.11146020462315787
INST_0604,150,20,5,2,4,100604,DSDV,0.6845294146721447,AOMDV,0.6800667375053777,0.00446267716676696
INST_0605,150,20,5,2,5,100605,AODV,0.6587648649485887,AOMDV,0.611994223092569,0.046770641856019646
INST_0606,150,20,5,4,1,100606,AOMDV,0.6940894500479747,AODV,0.5,0.19408945004797473
INST_0607,150,20,5,4,2,100607,DSDV,0.6756614932896526,AOMDV,0.6227066766857492,0.05295481660390344
INST_0608,150,20,5,4,3,100608,AOMDV,0.6275626398472403,AODV,0.5094229857591851,0.11813965408805516
INST_0609,150,20,5,4,4,100609,AOMDV,0.75,DSDV,0.659528730290974,0.09047126970902597
INST_0610,150,20,5,4,5,100610,AOMDV,0.6701183441406113,AODV,0.5755537646226091,0.09456457951800223
INST_0611,150,20,5,8,1,100611,AOMDV,0.659930314034649,AODV,0.49955965305643407,0.1603706609782149
INST_0612,150,20,5,8,2,100612,AOMDV,0.6615781052397899,AODV,0.590569452295487,0.07100865294430292
INST_0613,150,20,5,8,3,100613,AOMDV,0.6371291061653017,AODV,0.564587023238464,0.07254208292683773
INST_0614,150,20,5,8,4,100614,AOMDV,0.75,AODV,0.4418934256655524,0.3081065743344476
INST_0615,150,20,5,8,5,100615,AOMDV,0.75,AODV,0.49807122257024344,0.25192877742975656
INST_0616,150,20,10,2,1,100616,DSDV,0.7041113343235541,AOMDV,0.6407435398302023,0.06336779449335184
INST_0617,150,20,10,2,2,100617,AOMDV,0.6638264973696227,AODV,0.5,0.16382649736962274
INST_0618,150,20,10,2,3,100618,AOMDV,0.6023218221582878,DSDV,0.5940961401088289,0.008225682049458838
INST_0619,150,20,10,2,4,100619,AODV,0.7861230403140913,AOMDV,0.6508538890681204,0.13526915124597094
INST_0620,150,20,10,2,5,100620,AOMDV,0.6642572241147945,AODV,0.6107136925663261,0.05354353154846836
INST_0621,150,20,10,4,1,100621,AOMDV,0.6632591627252835,AODV,0.493750642612821,0.16950852011246254
INST_0622,150,20,10,4,2,100622,AOMDV,0.6742905170191548,AODV,0.43377260626327707,0.2405179107558777
INST_0623,150,20,10,4,3,100623,AOMDV,0.6346044467846151,DSDV,0.49788747524532384,0.1367169715392913
INST_0624,150,20,10,4,4,100624,AOMDV,0.7640347712378445,DSDV,0.6866152780130002,0.07741949322484432
INST_0625,150,20,10,4,5,100625,AOMDV,0.6732682718396009,DSDV,0.4853918517138361,0.18787642012576483
INST_0626,150,20,10,8,1,100626,AODV,0.743485519364785,AOMDV,0.5584291049525137,0.18505641441227128
INST_0627,150,20,10,8,2,100627,AODV,0.6046761230419433,AOMDV,0.529466352862264,0.07520977017967934
INST_0628,150,20,10,8,3,100628,AOMDV,0.8815339552166188,DSDV,0.6826607089923613,0.1988732462242575
INST_0629,150,20,10,8,4,100629,DSDV,0.5435355395891175,AOMDV,0.5154171814779875,0.02811835811112995
INST_0630,150,20,10,8,5,100630,AOMDV,0.5252597097703109,DSDV,0.5,0.02525970977031089
INST_0631,150,20,15,2,1,100631,AOMDV,0.6102008577265905,AODV,0.5162064284031671,0.09399442932342339
INST_0632,150,20,15,2,2,100632,AOMDV,0.6587370320001857,DSDV,0.6510760849972814,0.007660947002904317
INST_0633,150,20,15,2,3,100633,AOMDV,0.6335164823427123,AODV,0.5159583047220753,0.11755817762063703
INST_0634,150,20,15,2,4,100634,AOMDV,0.6509584629398074,AODV,0.5546335154130217,0.09632494752678566
INST_0635,150,20,15,2,5,100635,AOMDV,0.6341618926225983,DSDV,0.603604445952509,0.030557446670089305
INST_0636,150,20,15,4,1,100636,AOMDV,0.7718637817180851,AODV,0.4458322351015785,0.32603154661650663
INST_0637,150,20,15,4,2,100637,DSDV,0.75,AOMDV,0.6129216405323528,0.13707835946764724
INST_0638,150,20,15,4,3,100638,AOMDV,0.9026890296321336,DSDV,0.5513778474473614,0.3513111821847722
INST_0639,150,20,15,4,4,100639,AOMDV,0.8752672245787756,DSDV,0.4550876200330697,0.4201796045457059
INST_0640,150,20,15,4,5,100640,AOMDV,0.7565618245498169,DSDV,0.47282531829191365,0.28373650625790325
INST_0641,150,20,15,8,1,100641,AODV,0.7202080535815105,DSDV,0.6017451110284566,0.1184629425530539
INST_0642,150,20,15,8,2,100642,DSDV,0.75,AODV,0.4042205049566491,0.3457794950433509
INST_0643,150,20,15,8,3,100643,DSDV,0.75,AOMDV,0.5990675421118399,0.15093245788816012
INST_0644,150,20,15,8,4,100644,AODV,0.7435263555528309,DSDV,0.5,0.24352635555283086
INST_0645,150,20,15,8,5,100645,AODV,0.7056916530525131,DSDV,0.5,0.20569165305251313
INST_0646,150,20,20,2,1,100646,AOMDV,0.6853932587368444,AODV,0.512209759067878,0.1731834996689664
INST_0647,150,20,20,2,2,100647,AOMDV,0.6788900238637081,DSDV,0.6025700556659447,0.07631996819776343
INST_0648,150,20,20,2,3,100648,AOMDV,0.656105262942493,AODV,0.40658513912299576,0.24952012381949729
INST_0649,150,20,20,2,4,100649,AOMDV,0.6595969298978416,AODV,0.6434569642562636,0.016139965641577936
INST_0650,150,20,20,2,5,100650,AOMDV,0.6793330357943074,AODV,0.478544478751365,0.20078855704294235
INST_0651,150,20,20,4,1,100651,AOMDV,0.6985481634447352,AODV,0.5663058011596234,0.13224236228511188
INST_0652,150,20,20,4,2,100652,DSDV,0.75,AOMDV,0.5310495167418212,0.21895048325817879
INST_0653,150,20,20,4,3,100653,DSDV,0.75,AOMDV,0.6887234368753942,0.06127656312460583
INST_0654,150,20,20,4,4,100654,DSDV,0.8015797210632372,AOMDV,0.5659071255116634,0.23567259555157372
INST_0655,150,20,20,4,5,100655,AOMDV,0.8722785126755989,DSDV,0.516435453135018,0.3558430595405808
INST_0656,150,20,20,8,1,100656,AODV,0.7220057159874764,AOMDV,0.5162820318196937,0.20572368416778275
INST_0657,150,20,20,8,2,100657,DSDV,0.8841301622725619,AOMDV,0.3830425424746182,0.5010876197979437
INST_0658,150,20,20,8,3,100658,AODV,0.6948160731423552,AOMDV,0.5551916685629631,0.13962440457939207
INST_0659,150,20,20,8,4,100659,DSDV,1.0,AODV,0.2315617007344115,0.7684382992655885
INST_0660,150,20,20,8,5,100660,AODV,0.6763403840443682,DSDV,0.5,0.17634038404436825
INST_0661,150,20,25,2,1,100661,AOMDV,0.7607296260862892,DSDV,0.402658617137672,0.35807100894861726
INST_0662,150,20,25,2,2,100662,AOMDV,0.8728237219476509,DSDV,0.5522334094388865,0.32059031250876435
INST_0663,150,20,25,2,3,100663,AOMDV,0.7599504930595722,DSDV,0.75,0.009950493059572185
INST_0664,150,20,25,2,4,100664,AOMDV,0.7803548791773101,DSDV,0.48648154326289955,0.2938733359144105
INST_0665,150,20,25,2,5,100665,AOMDV,0.7272456826973607,DSDV,0.5239438555029055,0.20330182719445522
INST_0666,150,20,25,4,1,100666,DSDV,0.75,AOMDV,0.37210581740302934,0.37789418259697066
INST_0667,150,20,25,4,2,100667,DSDV,0.75,AODV,0.5331272198961745,0.2168727801038255
INST_0668,150,20,25,4,3,100668,DSDV,1.0,AODV,0.3618503499654233,0.6381496500345767
INST_0669,150,20,25,4,4,100669,DSDV,1.0,AOMDV,0.2989825497327172,0.7010174502672828
INST_0670,150,20,25,4,5,100670,DSDV,0.8581916520129763,AOMDV,0.4918245896755069,0.3663670623374694
INST_0671,150,20,25,8,1,100671,DSDV,0.8729679377064755,AOMDV,0.323581875344211,0.5493860623622645
INST_0672,150,20,25,8,2,100672,DSDV,0.900235467078799,AODV,0.5659196706739571,0.3343157964048419
INST_0673,150,20,25,8,3,100673,DSDV,0.9071413926997619,AODV,0.5125621216562217,0.3945792710435402
INST_0674,150,20,25,8,4,100674,DSDV,1.0,AOMDV,0.26767929330512763,0.7323207066948724
INST_0675,150,20,25,8,5,100675,AODV,0.7268610839507379,DSDV,0.7002919079674651,0.026569175983272797
INST_0676,150,30,5,2,1,100676,AODV,0.5923485182488124,AOMDV,0.5782710328276488,0.014077485421163605
INST_0677,150,30,5,2,2,100677,AODV,0.6902403671231861,AOMDV,0.6775818613459574,0.012658505777228712
INST_0678,150,30,5,2,3,100678,AOMDV,0.6726562512194825,AODV,0.6516391555385901,0.021017095680892384
INST_0679,150,30,5,2,4,100679,AOMDV,0.6593655660590905,DSDV,0.5236211048923607,0.13574446116672978
INST_0680,150,30,5,2,5,100680,AOMDV,0.6660052946428572,AODV,0.5634453106359615,0.1025599840068957
INST_0681,150,30,5,4,1,100681,DSDV,0.6572865327709627,AOMDV,0.5639860148310432,0.09330051793991956
INST_0682,150,30,5,4,2,100682,AODV,0.75,AOMDV,0.4945496509272249,0.2554503490727751
INST_0683,150,30,5,4,3,100683,AOMDV,0.6322033825782822,AODV,0.4980568910982397,0.13414649148004254
INST_0684,150,30,5,4,4,100684,AOMDV,0.6746503528258105,AODV,0.6731371507943887,0.0015132020314218009
INST_0685,150,30,5,4,5,100685,AOMDV,0.75,DSDV,0.6819689569309862,0.06803104306901375
INST_0686,150,30,5,8,1,100686,AOMDV,0.7024427166934986,AODV,0.6651473552559257,0.03729536143757284
INST_0687,150,30,5,8,2,100687,AOMDV,0.6800121351773457,AODV,0.6271837437938921,0.05282839138345363
INST_0688,150,30,5,8,3,100688,AOMDV,0.6790215019677976,AODV,0.4731473761532486,0.20587412581454906
INST_0689,150,30,5,8,4,100689,AOMDV,0.6898404992805492,AODV,0.6625527030630964,0.02728779621745281
INST_0690,150,30,5,8,5,100690,AOMDV,0.7227186535707774,AODV,0.676301953937924,0.04641669963285333
INST_0691,150,30,10,2,1,100691,AOMDV,0.6165935653470297,DSDV,0.49370266111501193,0.12289090423201776
INST_0692,150,30,10,2,2,100692,AOMDV,0.6502890144466906,AODV,0.6040697053358552,0.04621930911083538
INST_0693,150,30,10,2,3,100693,AODV,0.6500429096194642,AOMDV,0.6381799892899396,0.011862920329524629
INST_0694,150,30,10,2,4,100694,AOMDV,0.6500000000000001,AODV,0.5260651791467664,0.12393482085323371
INST_0695,150,30,10,2,5,100695,AOMDV,0.7107036006198681,DSDV,0.6401016690982447,0.07060193152162342
INST_0696,150,30,10,4,1,100696,AOMDV,0.7282311102920093,DSDV,0.6239801296851889,0.10425098060682036
INST_0697,150,30,10,4,2,100697,AOMDV,0.6663079247084936,DSDV,0.4425987020747379,0.22370922263375576
INST_0698,150,30,10,4,3,100698,AOMDV,0.6730563456875088,AODV,0.43621271916744897,0.23684362652005986
INST_0699,150,30,10,4,4,100699,AOMDV,0.6893063565772328,AODV,0.6247822227632964,0.0645241338139364
INST_0700,150,30,10,4,5,100700,AOMDV,0.6897381866186019,AODV,0.5637303542790804,0.1260078323395215
INST_0701,150,30,10,8,1,100701,AODV,0.568832648256621,AOMDV,0.514459418528519,0.0543732297281021
INST_0702,150,30,10,8,2,100702,AOMDV,0.5884962584414917,DSDV,0.5,0.08849625844149167
INST_0703,150,30,10,8,3,100703,AODV,0.5675367566574773,AOMDV,0.5463001981972766,0.021236558460200672
INST_0704,150,30,10,8,4,100704,AOMDV,0.7209447554564296,AODV,0.6406126524332107,0.0803321030232188
INST_0705,150,30,10,8,5,100705,AOMDV,0.9001797321404689,DSDV,0.5529645591763326,0.3472151729641363
INST_0706,150,30,15,2,1,100706,AOMDV,0.6554555065885006,AODV,0.5280664906541249,0.12738901593437568
INST_0707,150,30,15,2,2,100707,AOMDV,0.6562722751806155,AODV,0.5423201798697734,0.11395209531084205
INST_0708,150,30,15,2,3,100708,AOMDV,0.6523245370544041,DSDV,0.4151474600088585,0.23717707704554558
INST_0709,150,30,15,2,4,100709,AOMDV,0.6773049653778216,AODV,0.6615387450622244,0.015766220315597157
INST_0710,150,30,15,2,5,100710,AODV,0.6796944384331667,AOMDV,0.6541389110656247,0.025555527367541964
INST_0711,150,30,15,4,1,100711,AOMDV,0.7063648146790803,DSDV,0.5,0.2063648146790803
INST_0712,150,30,15,4,2,100712,AOMDV,0.7668057479362858,DSDV,0.5941974396464911,0.17260830828979468
INST_0713,150,30,15,4,3,100713,AOMDV,0.8779300574206557,DSDV,0.46827128203599994,0.4096587753846557
INST_0714,150,30,15,4,4,100714,AOMDV,0.7431674875487592,AODV,0.4341908102621766,0.30897667728658257
INST_0715,150,30,15,4,5,100715,AOMDV,0.90651822939754,DSDV,0.4306345090631378,0.4758837203344022
INST_0716,150,30,15,8,1,100716,AODV,0.7490990939771449,DSDV,0.7295247847301805,0.01957430924696446
INST_0717,150,30,15,8,2,100717,AODV,0.7032083477606743,DSDV,0.5,0.2032083477606743
INST_0718,150,30,15,8,3,100718,DSDV,0.75,AODV,0.5511143416616271,0.1988856583383729
INST_0719,150,30,15,8,4,100719,AODV,0.7694867008689278,DSDV,0.5413708906490071,0.22811581021992067
INST_0720,150,30,15,8,5,100720,AODV,0.7136596895847155,AOMDV,0.574102687222335,0.13955700236238044
INST_0721,150,30,20,2,1,100721,AOMDV,0.6897005218178791,AODV,0.503809749375672,0.1858907724422071
INST_0722,150,30,20,2,2,100722,AOMDV,0.7636987270228374,AODV,0.38118176514233093,0.38251696188050643
INST_0723,150,30,20,2,3,100723,AOMDV,0.7531160376703454,DSDV,0.38322207477539605,0.36989396289494936
INST_0724,150,30,20,2,4,100724,AOMDV,0.7584942383237876,AODV,0.48076591151038345,0.27772832681340415
INST_0725,150,30,20,2,5,100725,AOMDV,0.7006567278039197,AODV,0.4077213678498418,0.29293535995407793
INST_0726,150,30,20,4,1,100726,DSDV,0.75,AOMDV,0.598221109619401,0.151778890380599
INST_0727,150,30,20,4,2,100727,DSDV,0.75,AODV,0.49912855756982344,0.25087144243017656
INST_0728,150,30,20,4,3,100728,DSDV,0.75,AOMDV,0.6405225596471162,0.10947744035288376
INST_0729,150,30,20,4,4,100729,DSDV,0.75,AOMDV,0.468029030746881,0.281970969253119
INST_0730,150,30,20,4,5,100730,AOMDV,0.767531559979534,DSDV,0.75,0.01753155997953404
INST_0731,150,30,20,8,1,100731,AODV,0.75,DSDV,0.4086328224136157,0.3413671775863843
INST_0732,150,30,20,8,2,100732,DSDV,1.0,AODV,0.30450699846059764,0.6954930015394023
INST_0733,150,30,20,8,3,100733,DSDV,0.75,AODV,0.681336339546075,0.06866366045392502
INST_0734,150,30,20,8,4,100734,DSDV,0.9105989254354802,AODV,0.7209859968713899,0.1896129285640903
INST_0735,150,30,20,8,5,100735,DSDV,0.75,AOMDV,0.5344087156207973,0.21559128437920272
INST_0736,150,30,25,2,1,100736,AOMDV,0.6893924099329856,AODV,0.4217809192464743,0.26761149068651124
INST_0737,150,30,25,2,2,100737,AOMDV,0.7820682010164371,DSDV,0.39589295879487446,0.3861752422215627
INST_0738,150,30,25,2,3,100738,AOMDV,0.8306949333289049,DSDV,0.5127159692476047,0.3179789640813002
INST_0739,150,30,25,2,4,100739,AOMDV,0.6833045623912833,AODV,0.5,0.18330456239128334
INST_0740,150,30,25,2,5,100740,AOMDV,0.7467054959856322,AODV,0.4282476108458491,0.31845788513978307
INST_0741,150,30,25,4,1,100741,DSDV,0.7952281146028941,AOMDV,0.7119646392000147,0.08326347540287937
INST_0742,150,30,25,4,2,100742,DSDV,0.9169375280031165,AOMDV,0.5427418296095683,0.37419569839354816
INST_0743,150,30,25,4,3,100743,DSDV,0.75,AODV,0.528442040662387,0.22155795933761302
INST_0744,150,30,25,4,4,100744,DSDV,0.75,AODV,0.664784660178527,0.085215339821473
INST_0745,150,30,25,4,5,100745,DSDV,0.75,AOMDV,0.44606782782544463,0.30393217217455537
INST_0746,150,30,25,8,1,100746,DSDV,0.7805398166633086,AOMDV,0.43611490076687465,0.344424915896434
INST_0747,150,30,25,8,2,100747,DSDV,0.8985564889593081,AODV,0.5,0.39855648895930806
INST_0748,150,30,25,8,3,100748,AODV,0.75,DSDV,0.6855935549924079,0.06440644500759207
INST_0749,150,30,25,8,4,100749,DSDV,0.9791742062443267,AODV,0.44082839666432916,0.5383458095799976
INST_0750,150,30,25,8,5,100750,AODV,0.75,DSDV,0.4656811098953184,0.2843188901046816
INST_0751,150,40,5,2,1,100751,AODV,0.677478554870927,DSDV,0.6730868204332792,0.004391734437647843
INST_0752,150,40,5,2,2,100752,AODV,0.8514863217197679,AOMDV,0.6252180977909714,0.22626822392879653
INST_0753,150,40,5,2,3,100753,AODV,0.6649661151502695,AOMDV,0.6371644287320954,0.027801686418174043
INST_0754,150,40,5,2,4,100754,AODV,0.7182870146559167,AOMDV,0.6679799446469037,0.05030707000901302
INST_0755,150,40,5,2,5,100755,AOMDV,0.6460817733857369,DSDV,0.5199370565260364,0.12614471685970052
INST_0756,150,40,5,4,1,100756,AOMDV,0.6688382219846718,DSDV,0.5103051644658304,0.1585330575188414
INST_0757,150,40,5,4,2,100757,AODV,0.7038803787249852,AOMDV,0.6045673096091109,0.09931306911587434
INST_0758,150,40,5,4,3,100758,DSDV,0.6621066903815507,AOMDV,0.636603933688272,0.025502756693278728
INST_0759,150,40,5,4,4,100759,AODV,0.7496655225563112,AOMDV,0.6934931593140131,0.05617236324229813
INST_0760,150,40,5,4,5,100760,AOMDV,0.6959716926536397,AODV,0.5044184940430292,0.1915531986106105
INST_0761,150,40,5,8,1,100761,AOMDV,0.7320212857432322,AODV,0.65254955945984,0.07947172628339227
INST_0762,150,40,5,8,2,100762,AOMDV,0.6995711123967115,AODV,0.5,0.19957111239671155
INST_0763,150,40,5,8,3,100763,AOMDV,0.739278747368421,AODV,0.5948486225466199,0.14443012482180118
INST_0764,150,40,5,8,4,100764,AODV,0.7245874528507769,AOMDV,0.7109888580668253,0.013598594783951534
INST_0765,150,40,5,8,5,100765,AODV,0.6855491287768238,AOMDV,0.6107661836883757,0.07478294508844818
INST_0766,150,40,10,2,1,100766,AODV,0.6755541964424912,AOMDV,0.66239998983936,0.013154206603131158
INST_0767,150,40,10,2,2,100767,AOMDV,0.6454166689541667,AODV,0.6235913401851102,0.021825328769056518
INST_0768,150,40,10,2,3,100768,AODV,0.6608359094833963,AOMDV,0.6491721835772555,0.011663725906140843
INST_0769,150,40,10,2,4,100769,AOMDV,0.6109287133649137,DSDV,0.4876875744192092,0.12324113894570454
INST_0770,150,40,10,2,5,100770,AODV,0.6900166328171295,AOMDV,0.6266687676482261,0.06334786516890345
INST_0771,150,40,10,4,1,100771,AOMDV,0.7243341394544143,DSDV,0.5986507512298207,0.12568338822459357
INST_0772,150,40,10,4,2,100772,AOMDV,0.6523528028078197,AODV,0.4884725220297906,0.16388028077802913
INST_0773,150,40,10,4,3,100773,AOMDV,0.681577019354051,DSDV,0.43760417892010595,0.24397284043394507
INST_0774,150,40,10,4,4,100774,AOMDV,0.6918451659894242,DSDV,0.483009473134993,0.20883569285443127
INST_0775,150,40,10,4,5,100775,AOMDV,0.6935109027873345,DSDV,0.43256805488574224,0.2609428479015923
INST_0776,150,40,10,8,1,100776,AODV,0.76255995371055,AOMDV,0.7467756179346102,0.01578433577593974
INST_0777,150,40,10,8,2,100777,DSDV,0.75,AOMDV,0.41237384870562027,0.33762615129437973
INST_0778,150,40,10,8,3,100778,AODV,0.75,AOMDV,0.5376873811332985,0.2123126188667015
INST_0779,150,40,10,8,4,100779,AODV,0.6405576564903284,DSDV,0.5,0.14055765649032836
INST_0780,150,40,10,8,5,100780,AODV,0.6765512782823746,DSDV,0.5682249239282287,0.10832635435414595
INST_0781,150,40,15,2,1,100781,AODV,0.6632606758462064,AOMDV,0.4430077851997476,0.2202528906464588
INST_0782,150,40,15,2,2,100782,AOMDV,0.6419084606636585,AODV,0.6228187686577505,0.019089692005907932
INST_0783,150,40,15,2,3,100783,AOMDV,0.6586988653053396,DSDV,0.4462217511665012,0.2124771141388384
INST_0784,150,40,15,2,4,100784,AOMDV,0.6646433943333926,AODV,0.4984310026257196,0.166212391707673
INST_0785,150,40,15,2,5,100785,AOMDV,0.6705960825401542,AODV,0.5907931120732182,0.07980297046693607
INST_0786,150,40,15,4,1,100786,AOMDV,0.7485754930468393,DSDV,0.43715748008602917,0.3114180129608102
INST_0787,150,40,15,4,2,100787,AOMDV,0.8614146497577556,DSDV,0.5801080064942656,0.28130664326349
INST_0788,150,40,15,4,3,100788,AOMDV,0.8344236543825382,DSDV,0.4041886304326192,0.43023502394991897
INST_0789,150,40,15,4,4,100789,AOMDV,0.8353598543630815,AODV,0.4509703709384253,0.3843894834246562
INST_0790,150,40,15,4,5,100790,AOMDV,0.8903366198240378,DSDV,0.5353995627041673,0.35493705711987045
INST_0791,150,40,15,8,1,100791,DSDV,0.75,AODV,0.6426389923462138,0.1073610076537862
INST_0792,150,40,15,8,2,100792,DSDV,0.75,AOMDV,0.4409758182705482,0.3090241817294518
INST_0793,150,40,15,8,3,100793,AODV,0.7350412676992956,DSDV,0.5,0.23504126769929556
INST_0794,150,40,15,8,4,100794,AODV,0.7261754138879831,DSDV,0.704905843310221,0.02126957057776213
INST_0795,150,40,15,8,5,100795,DSDV,0.7838095515809506,AOMDV,0.530876466210269,0.2529330853706816
INST_0796,150,40,20,2,1,100796,AOMDV,0.6836255464837208,DSDV,0.415530947086557,0.26809459939716374
INST_0797,150,40,20,2,2,100797,AOMDV,0.6918058114041279,AODV,0.4967867018731721,0.1950191095309558
INST_0798,150,40,20,2,3,100798,AOMDV,0.6134310444763561,AODV,0.5,0.1134310444763561
INST_0799,150,40,20,2,4,100799,AODV,0.5626220373771632,AOMDV,0.5614946239486431,0.0011274134285200743
INST_0800,150,40,20,2,5,100800,AOMDV,0.7911883107191848,DSDV,0.3752765835731516,0.41591172714603325
INST_0801,150,40,20,4,1,100801,DSDV,0.75,AOMDV,0.45116253851365473,0.29883746148634527
INST_0802,150,40,20,4,2,100802,DSDV,0.75,AOMDV,0.5737980233055897,0.1762019766944103
INST_0803,150,40,20,4,3,100803,AOMDV,0.8003191776926443,DSDV,0.5711275464530062,0.22919163123963804
INST_0804,150,40,20,4,4,100804,AOMDV,0.6409295865469996,DSDV,0.5,0.1409295865469996
INST_0805,150,40,20,4,5,100805,DSDV,0.75,AOMDV,0.4026874310787639,0.3473125689212361
INST_0806,150,40,20,8,1,100806,DSDV,0.8246421313059078,AODV,0.5145401679825079,0.3101019633233999
INST_0807,150,40,20,8,2,100807,DSDV,0.8517699580233504,AOMDV,0.3753291689165421,0.4764407891068083
INST_0808,150,40,20,8,3,100808,AODV,0.737877716240853,DSDV,0.603169912054409,0.134707804186444
INST_0809,150,40,20,8,4,100809,AODV,0.7448113277832269,DSDV,0.566371383632309,0.1784399441509179
INST_0810,150,40,20,8,5,100810,DSDV,1.0,AODV,0.29107685729380195,0.708923142706198
INST_0811,150,40,25,2,1,100811,AOMDV,0.764148134168418,AODV,0.37034086377086395,0.39380727039755403
INST_0812,150,40,25,2,2,100812,AOMDV,0.9036995012081008,DSDV,0.37644853802484296,0.5272509631832578
INST_0813,150,40,25,2,3,100813,AOMDV,0.7966281461286882,DSDV,0.5824375578014495,0.2141905883272387
INST_0814,150,40,25,2,4,100814,DSDV,0.75,AOMDV,0.6798112389610401,0.07018876103895988
INST_0815,150,40,25,2,5,100815,AOMDV,0.8763794237199177,DSDV,0.4613499649642123,0.4150294587557054
INST_0816,150,40,25,4,1,100816,DSDV,0.75,AOMDV,0.43181064456199736,0.31818935543800264
INST_0817,150,40,25,4,2,100817,DSDV,0.75,AOMDV,0.3864350525888899,0.3635649474111101
INST_0818,150,40,25,4,3,100818,DSDV,0.7493093906964068,AODV,0.6661264505156501,0.08318294018075667
INST_0819,150,40,25,4,4,100819,DSDV,0.75,AOMDV,0.3805479852196205,0.3694520147803795
INST_0820,150,40,25,4,5,100820,AOMDV,0.5120386046547722,DSDV,0.5,0.012038604654772245
INST_0821,150,40,25,8,1,100821,DSDV,1.0,AODV,0.5345116159397167,0.46548838406028326
INST_0822,150,40,25,8,2,100822,DSDV,1.0,AODV,0.31547059166922864,0.6845294083307714
INST_0823,150,40,25,8,3,100823,DSDV,0.8716915016361364,AODV,0.7573643736428523,0.11432712799328415
INST_0824,150,40,25,8,4,100824,DSDV,1.0,AODV,0.44436097202087965,0.5556390279791203
INST_0825,150,40,25,8,5,100825,DSDV,0.9495000758085723,AODV,0.3701495002256725,0.5793505755828998
INST_0826,150,50,5,2,1,100826,AODV,0.75,AOMDV,0.6341400330342897,0.11585996696571033
INST_0827,150,50,5,2,2,100827,AODV,0.8040313594190642,AOMDV,0.6670875454545455,0.1369438139645187
INST_0828,150,50,5,2,3,100828,AOMDV,0.6399793377480193,DSDV,0.5080778083708835,0.13190152937713584
INST_0829,150,50,5,2,4,100829,DSDV,0.7133016916412745,AOMDV,0.6856626391849816,0.027639052456292945
INST_0830,150,50,5,2,5,100830,AOMDV,0.6839708595732927,DSDV,0.5448994339620247,0.13907142561126806
INST_0831,150,50,5,4,1,100831,DSDV,0.75,AODV,0.6903359394597345,0.05966406054026552
INST_0832,150,50,5,4,2,100832,AOMDV,0.667662880039115,AODV,0.5956328059767736,0.07203007406234141
INST_0833,150,50,5,4,3,100833,AOMDV,0.7358326034859142,AODV,0.5,0.23583260348591417
INST_0834,150,50,5,4,4,100834,AOMDV,0.75,AODV,0.6086452520350987,0.14135474796490133
INST_0835,150,50,5,4,5,100835,AOMDV,0.6661764789965402,DSDV,0.5901253778622421,0.07605110113429814
INST_0836,150,50,5,8,1,100836,AOMDV,0.7258713134141695,AODV,0.7191877620068126,0.006683551407356991
INST_0837,150,50,5,8,2,100837,AOMDV,0.6967699368299679,AODV,0.5,0.1967699368299679
INST_0838,150,50,5,8,3,100838,AOMDV,0.7319526672847589,AODV,0.5005224926499774,0.23143017463478155
INST_0839,150,50,5,8,4,100839,AOMDV,0.7322845863731547,AODV,0.6289596462679753,0.10332494010517945
INST_0840,150,50,5,8,5,100840,AOMDV,0.7486863419329826,AODV,0.6417915896542224,0.10689475227876011
INST_0841,150,50,10,2,1,100841,AOMDV,0.6063068979345947,AODV,0.5585190979892726,0.04778779994532212
INST_0842,150,50,10,2,2,100842,AODV,0.6890085550439501,AOMDV,0.5493363657871932,0.13967218925675684
INST_0843,150,50,10,2,3,100843,AOMDV,0.6648606724772116,AODV,0.6583360247054806,0.006524647771731007
INST_0844,150,50,10,2,4,100844,AOMDV,0.6600741608923713,DSDV,0.6332462578035218,0.026827903088849414
INST_0845,150,50,10,2,5,100845,AODV,0.8457114465666201,AOMDV,0.646994687176227,0.19871675939039313
INST_0846,150,50,10,4,1,100846,AOMDV,0.6511604986642965,AODV,0.5388022475086651,0.11235825115563136
INST_0847,150,50,10,4,2,100847,AOMDV,0.7195306233892116,DSDV,0.5082966294177662,0.21123399397144538
INST_0848,150,50,10,4,3,100848,AOMDV,0.682331945480881,AODV,0.5208580800875685,0.16147386539331254
INST_0849,150,50,10,4,4,100849,AOMDV,0.7040834859217195,AODV,0.6387607121585395,0.06532277376318008
INST_0850,150,50,10,4,5,100850,AOMDV,0.6888849822409708,AODV,0.4333005074175498,0.25558447482342106
INST_0851,150,50,10,8,1,100851,AOMDV,0.7306774808422805,AODV,0.5396296442513454,0.19104783659093505
INST_0852,150,50,10,8,2,100852,AOMDV,0.9241318997193334,DSDV,0.4583810847938875,0.4657508149254459
INST_0853,150,50,10,8,3,100853,AOMDV,0.7329117322641682,AODV,0.5019114776571761,0.23100025460699203
INST_0854,150,50,10,8,4,100854,AODV,0.7829682717020539,AOMDV,0.7051295732908894,0.07783869841116442
INST_0855,150,50,10,8,5,100855,AOMDV,0.6378854278381777,AODV,0.5349673051686368,0.10291812266954092
INST_0856,150,50,15,2,1,100856,AOMDV,0.6745521364112936,AODV,0.5956075216391806,0.07894461477211301
INST_0857,150,50,15,2,2,100857,AOMDV,0.665289256087699,AODV,0.4841509323897104,0.18113832369798855
INST_0858,150,50,15,2,3,100858,AOMDV,0.6504569238801988,AODV,0.5074834636231896,0.1429734602570092
INST_0859,150,50,15,2,4,100859,AODV,0.7659538830859083,AOMDV,0.669782541031008,0.0961713420549003
INST_0860,150,50,15,2,5,100860,AOMDV,0.6696011841052361,AODV,0.6638629188675691,0.005738265237666962
INST_0861,150,50,15,4,1,100861,AOMDV,0.7513515213064101,AODV,0.40392118870111954,0.3474303326052906
INST_0862,150,50,15,4,2,100862,AOMDV,0.876673791514669,DSDV,0.4254777082763601,0.45119608323830884
INST_0863,150,50,15,4,3,100863,AOMDV,0.7701275428998109,DSDV,0.5,0.2701275428998109
INST_0864,150,50,15,4,4,100864,AOMDV,0.8370950549598983,DSDV,0.41610370148330866,0.42099135347658967
INST_0865,150,50,15,4,5,100865,DSDV,0.5665920966502913,AOMDV,0.5437582804185981,0.022833816231693227
INST_0866,150,50,15,8,1,100866,DSDV,0.75,AODV,0.6103990721092946,0.13960092789070544
INST_0867,150,50,15,8,2,100867,AOMDV,0.6730094183032169,DSDV,0.5,0.17300941830321692
INST_0868,150,50,15,8,3,100868,AODV,0.7407472136238278,DSDV,0.5,0.24074721362382778
INST_0869,150,50,15,8,4,100869,AODV,0.7002276279395441,DSDV,0.5420003945906428,0.15822723334890132
INST_0870,150,50,15,8,5,100870,DSDV,0.75,AOMDV,0.4228297060109576,0.3271702939890424
INST_0871,150,50,20,2,1,100871,AOMDV,0.6927638575699926,AODV,0.44966173852275376,0.24310211904723883
INST_0872,150,50,20,2,2,100872,AOMDV,0.670796690647482,AODV,0.5047305585296016,0.16606613211788046
INST_0873,150,50,20,2,3,100873,AOMDV,0.6829958707070207,AODV,0.4307385260182387,0.252257344688782
INST_0874,150,50,20,2,4,100874,AOMDV,0.664634145496102,DSDV,0.41631841815060916,0.24831572734549284
INST_0875,150,50,20,2,5,100875,AOMDV,0.7152536332319167,AODV,0.3729370574265631,0.34231657580535363
INST_0876,150,50,20,4,1,100876,AOMDV,0.7462964700955927,DSDV,0.5753396584314301,0.17095681166416266
INST_0877,150,50,20,4,2,100877,AOMDV,0.8479804312403846,DSDV,0.5582943853563533,0.28968604588403124
INST_0878,150,50,20,4,3,100878,AOMDV,0.6382660457423655,DSDV,0.5,0.13826604574236545
INST_0879,150,50,20,4,4,100879,AODV,0.723455971922635,DSDV,0.5,0.223455971922635
INST_0880,150,50,20,4,5,100880,DSDV,0.7276787612629593,AOMDV,0.6620684576575396,0.06561030360541964
INST_0881,150,50,20,8,1,100881,AODV,0.6963674069307648,DSDV,0.6957032581300577,0.0006641488007070873
INST_0882,150,50,20,8,2,100882,AODV,0.6584653183988177,AOMDV,0.4994684105447794,0.1589969078540383
INST_0883,150,50,20,8,3,100883,AODV,0.75,DSDV,0.5323392529968591,0.21766074700314086
INST_0884,150,50,20,8,4,100884,AODV,0.7357295193443482,DSDV,0.6000230716162024,0.13570644772814577
INST_0885,150,50,20,8,5,100885,DSDV,0.8277277832934548,AOMDV,0.5533767971895814,0.2743509861038733
INST_0886,150,50,25,2,1,100886,AOMDV,0.7633437442816371,AODV,0.3801101659755691,0.38323357830606797
INST_0887,150,50,25,2,2,100887,AOMDV,0.7809099146880882,AODV,0.42141342203787757,0.35949649265021066
INST_0888,150,50,25,2,3,100888,AOMDV,0.7785088310596349,DSDV,0.5986831822643339,0.17982564879530094
INST_0889,150,50,25,2,4,100889,AOMDV,0.8166804223330622,DSDV,0.3806068774808078,0.43607354485225436
INST_0890,150,50,25,2,5,100890,AOMDV,0.8682364245722666,DSDV,0.6258990222442978,0.24233740232796874
INST_0891,150,50,25,4,1,100891,DSDV,0.75,AODV,0.39873310694811603,0.35126689305188397
INST_0892,150,50,25,4,2,100892,DSDV,0.75,AOMDV,0.5094714627894741,0.24052853721052592
INST_0893,150,50,25,4,3,100893,AODV,0.7469619640623908,DSDV,0.5,0.2469619640623908
INST_0894,150,50,25,4,4,100894,DSDV,0.75,AODV,0.5403159661707014,0.20968403382929857
INST_0895,150,50,25,4,5,100895,DSDV,0.75,AODV,0.49439660000279345,0.25560339999720655
INST_0896,150,50,25,8,1,100896,DSDV,0.7953130785014821,AODV,0.7623072314377218,0.03300584706376031
INST_0897,150,50,25,8,2,100897,AODV,0.75,DSDV,0.4637488343567583,0.2862511656432417
INST_0898,150,50,25,8,3,100898,DSDV,1.0,AODV,0.6218763865297309,0.3781236134702691
INST_0899,150,50,25,8,4,100899,DSDV,1.0,AODV,0.43383959624428803,0.566160403755712
INST_0900,150,50,25,8,5,100900,DSDV,0.9581704971307538,AODV,0.3655970925191363,0.5925734046116174
