Nodes,Speed_kmh,Flows,Packet_Rate_pps,Best_Protocol,Best_Score,Second_Best_Protocol,Second_Best_Score,Score_Margin
50,20,5,2,AODV,0.6574601045754415,AOMDV,0.644383960230649,0.013076144344792429
50,20,5,4,DSDV,0.75,AOMDV,0.5535876466471699,0.19641235335283014
50,20,5,8,DSDV,0.75,AOMDV,0.6241122244124856,0.1258877755875144
50,20,10,2,AOMDV,0.6406203726171131,AODV,0.6159984797853786,0.02462189283173455
50,20,10,4,AOMDV,0.6423029199255121,AODV,0.5336285175658055,0.1086744023597066
50,20,10,8,DSDV,0.75,AOMDV,0.33127925535370006,0.41872074464629994
50,20,15,2,AOMDV,0.635624938455198,AODV,0.5606464347873125,0.0749785036678855
50,20,15,4,DSDV,0.75,AOMDV,0.5096481325915936,0.24035186740840642
50,20,15,8,DSDV,0.75,AOMDV,0.4663842543489533,0.2836157456510467
50,20,20,2,DSDV,0.668429671920725,AOMDV,0.6370534245328967,0.03137624738782829
50,20,20,4,DSDV,0.75,AOMDV,0.38767605814190775,0.36232394185809225
50,20,20,8,DSDV,1.0,AODV,0.20051697167366977,0.7994830283263302
50,20,25,2,DSDV,0.6997896190793338,AOMDV,0.6324620977152033,0.06732752136413045
50,20,25,4,DSDV,0.75,AOMDV,0.5031495319732012,0.24685046802679877
50,20,25,8,DSDV,1.0,AODV,0.234125521420157,0.765874478579843
50,30,5,2,AOMDV,0.6178421788532418,DSDV,0.6116141255798182,0.006228053273423573
50,30,5,4,AODV,0.6678889063952106,AOMDV,0.620048055317064,0.04784085107814662
50,30,5,8,AOMDV,0.6096414197444827,DSDV,0.5,0.10964141974448272
50,30,10,2,AOMDV,0.6219505148346502,AODV,0.6181484907630446,0.003802024071605681
50,30,10,4,AOMDV,0.6269965189876597,DSDV,0.6142720235707484,0.012724495416911341
50,30,10,8,DSDV,0.75,AOMDV,0.44296409290803185,0.30703590709196815
50,30,15,2,AOMDV,0.6258369890871872,AODV,0.4872359497540534,0.13860103933313384
50,30,15,4,DSDV,0.75,AOMDV,0.6395166197974904,0.11048338020250958
50,30,15,8,DSDV,0.75,AOMDV,0.3327231730964506,0.4172768269035494
50,30,20,2,AOMDV,0.6364357662935121,DSDV,0.4611873914314385,0.17524837486207356
50,30,20,4,DSDV,0.75,AOMDV,0.542275454180912,0.20772454581908795
50,30,20,8,DSDV,0.75,AODV,0.32054232221586265,0.42945767778413735
50,30,25,2,DSDV,0.6886587931044971,AOMDV,0.6684335705389552,0.020225222565541823
50,30,25,4,DSDV,0.75,AOMDV,0.4351536308387882,0.3148463691612118
50,30,25,8,DSDV,1.0,AODV,0.3833617310141839,0.6166382689858161
50,40,5,2,AODV,0.7352897432245905,DSDV,0.619683499357322,0.11560624386726848
50,40,5,4,AOMDV,0.6035449984875102,AODV,0.48977493523310156,0.11377006325440864
50,40,5,8,DSDV,0.75,AOMDV,0.48740473983425964,0.26259526016574036
50,40,10,2,AOMDV,0.6136478168937045,AODV,0.5911018866815518,0.022545930212152676
50,40,10,4,AOMDV,0.6201288464632007,AODV,0.5121320154715959,0.10799683099160473
50,40,10,8,DSDV,0.75,AOMDV,0.44784443963820936,0.30215556036179064
50,40,15,2,AOMDV,0.6101805158351455,AODV,0.5030855147697937,0.10709500106535186
50,40,15,4,DSDV,0.7210290987042423,AOMDV,0.664784800052043,0.056244298652199265
50,40,15,8,DSDV,0.75,AOMDV,0.4637543524695926,0.2862456475304074
50,40,20,2,AOMDV,0.6138332016502133,AODV,0.46355219240817525,0.15028100924203802
50,40,20,4,DSDV,0.75,AOMDV,0.7125375047853765,0.037462495214623526
50,40,20,8,DSDV,1.0,AOMDV,0.19487371645444118,0.8051262835455588
50,40,25,2,AOMDV,0.6516605130844902,DSDV,0.5560299300092796,0.09563058307521066
50,40,25,4,DSDV,0.75,AOMDV,0.4155349131460188,0.3344650868539812
50,40,25,8,DSDV,1.0,AODV,0.32535686715193185,0.6746431328480682
50,50,5,2,DSDV,0.75,AODV,0.6774375020710963,0.07256249792890368
50,50,5,4,AODV,0.7029868156869733,AOMDV,0.598961631690321,0.10402518399665228
50,50,5,8,AODV,0.6939943111689325,DSDV,0.5190917174550806,0.17490259371385186
50,50,10,2,AODV,0.6208651626952051,AOMDV,0.6120761215338558,0.008789041161349265
50,50,10,4,AOMDV,0.6108443446926175,DSDV,0.5367446682902703,0.07409967640234716
50,50,10,8,DSDV,0.75,AOMDV,0.43247167721253515,0.31752832278746485
50,50,15,2,AOMDV,0.6107704411206539,AODV,0.5391105426617898,0.07165989845886411
50,50,15,4,AOMDV,0.6533630383832281,DSDV,0.6337548264327719,0.019608211950456145
50,50,15,8,DSDV,0.75,AOMDV,0.4971415554670815,0.2528584445329185
50,50,20,2,AOMDV,0.614594498392283,DSDV,0.43785666524548617,0.1767378331467968
50,50,20,4,DSDV,0.75,AOMDV,0.7207608449249773,0.029239155075022727
50,50,20,8,DSDV,1.0,AODV,0.2369193690665264,0.7630806309334737
50,50,25,2,AOMDV,0.665174646878664,DSDV,0.5382015440279926,0.12697310285067143
50,50,25,4,DSDV,0.75,AOMDV,0.5783628274662321,0.17163717253376787
50,50,25,8,DSDV,1.0,AODV,0.39886651938978346,0.6011334806102165
100,20,5,2,AODV,0.666839176795191,AOMDV,0.6257396499334758,0.04109952686171525
100,20,5,4,AOMDV,0.6388941484041482,AODV,0.6164889733979239,0.022405175006224298
100,20,5,8,AODV,0.6748279466092864,AOMDV,0.6397719547988739,0.03505599181041241
100,20,10,2,AOMDV,0.6248228860228697,DSDV,0.6044290580233873,0.020393827999482417
100,20,10,4,DSDV,0.7078099404157808,AOMDV,0.6349803619268943,0.07282957848888649
100,20,10,8,DSDV,0.7398122765755663,AOMDV,0.6516705330612749,0.08814174351429138
100,20,15,2,AOMDV,0.6108586835167146,AODV,0.4888007028651488,0.12205798065156576
100,20,15,4,AOMDV,0.7590297213055608,DSDV,0.7485495814275469,0.010480139878013883
100,20,15,8,DSDV,0.9525812292483438,AOMDV,0.5005103129005615,0.4520709163477823
100,20,20,2,DSDV,0.6722299917433296,AOMDV,0.6059291903110569,0.0663008014322728
100,20,20,4,DSDV,0.75,AOMDV,0.6270471436869223,0.12295285631307773
100,20,20,8,DSDV,1.0,AODV,0.440595071768541,0.559404928231459
100,20,25,2,DSDV,0.7499126960092817,AOMDV,0.6746264394724434,0.07528625653683829
100,20,25,4,DSDV,1.0,AOMDV,0.32968507752521015,0.6703149224747899
100,20,25,8,DSDV,1.0,AODV,0.33889781639183514,0.6611021836081649
100,30,5,2,AODV,0.6692035270601069,AOMDV,0.6085131918308878,0.06069033522921907
100,30,5,4,AODV,0.6447566887803435,AOMDV,0.6041923568640806,0.04056433191626296
100,30,5,8,AOMDV,0.6095191728982734,AODV,0.6025481516022844,0.006971021295989033
100,30,10,2,AOMDV,0.6137762337998722,AODV,0.6000172933227552,0.01375894047711701
100,30,10,4,AOMDV,0.6067135839241343,AODV,0.5748080433284887,0.031905540595645654
100,30,10,8,DSDV,0.704090417131556,AOMDV,0.6509564770413324,0.05313394009022354
100,30,15,2,AOMDV,0.6043033875734147,AODV,0.5838389497194498,0.0204644378539649
100,30,15,4,AOMDV,0.7194025354621829,DSDV,0.3985779425194909,0.320824592942692
100,30,15,8,AOMDV,0.5831056366985025,DSDV,0.5,0.08310563669850246
100,30,20,2,AOMDV,0.6004395533384725,AODV,0.5222117847210999,0.07822776861737268
100,30,20,4,AOMDV,0.8560915497117778,DSDV,0.616754021246471,0.23933752846530676
100,30,20,8,DSDV,1.0,AODV,0.2767414029463136,0.7232585970536864
100,30,25,2,AOMDV,0.624930946717116,AODV,0.43564017124139115,0.18929077547572487
100,30,25,4,DSDV,1.0,AOMDV,0.47497267856274855,0.5250273214372514
100,30,25,8,DSDV,1.0,AODV,0.3626316739838569,0.6373683260161431
100,40,5,2,AODV,0.7031208468146584,AOMDV,0.6161112732101893,0.08700957360446904
100,40,5,4,AODV,0.6401799587959014,AOMDV,0.5970089208837287,0.043171037912172694
100,40,5,8,AODV,0.6662738416085283,AOMDV,0.6145286835406814,0.051745158067846964
100,40,10,2,AODV,0.6811978810422912,AOMDV,0.5974551758425739,0.08374270519971727
100,40,10,4,AOMDV,0.6009710973816538,AODV,0.5328475010963022,0.06812359628535158
100,40,10,8,AOMDV,0.8305474000005643,AODV,0.36183052918218817,0.4687168708183761
100,40,15,2,AOMDV,0.6049620342607793,AODV,0.5769139300442443,0.02804810421653503
100,40,15,4,AOMDV,0.7276784940459164,AODV,0.36217483425945396,0.3655036597864625
100,40,15,8,AOMDV,0.5863399579477436,DSDV,0.5,0.08633995794774363
100,40,20,2,AOMDV,0.5993641400484286,AODV,0.5361400234559063,0.06322411659252236
100,40,20,4,AOMDV,0.889972996854219,DSDV,0.4420510536910096,0.44792194316320944
100,40,20,8,DSDV,1.0,AOMDV,0.1861692663964707,0.8138307336035293
100,40,25,2,AOMDV,0.679782136671553,AODV,0.3912695597842333,0.2885125768873197
100,40,25,4,DSDV,0.9517414753284756,AOMDV,0.6667458322312417,0.2849956430972339
100,40,25,8,DSDV,1.0,AODV,0.19231985385803724,0.8076801461419627
100,50,5,2,AODV,0.7433107205886795,AOMDV,0.5961587865839248,0.14715193400475468
100,50,5,4,AODV,0.6846523050348741,AOMDV,0.5873399427227167,0.09731236231215734
100,50,5,8,AODV,0.625138245106344,AOMDV,0.5972248552019512,0.027913389904392738
100,50,10,2,AODV,0.6160819613431341,AOMDV,0.5795521253405203,0.036529836002613836
100,50,10,4,AODV,0.5986863413120203,AOMDV,0.5877932423937013,0.01089309891831891
100,50,10,8,AOMDV,0.8144443166226811,AODV,0.40386675105939807,0.41057756556328306
100,50,15,2,AOMDV,0.5781981293328011,AODV,0.5157563449376237,0.062441784395177446
100,50,15,4,AOMDV,0.7940144489460133,AODV,0.34067564133482375,0.4533388076111895
100,50,15,8,AOMDV,0.6207752262111127,DSDV,0.5316624704278019,0.08911275578331079
100,50,20,2,AOMDV,0.6316652390432591,AODV,0.42145085980234154,0.21021437924091757
100,50,20,4,AOMDV,0.8971077178599683,DSDV,0.5246406044969987,0.37246711336296967
100,50,20,8,DSDV,1.0,AOMDV,0.17205597964537617,0.8279440203546238
100,50,25,2,AOMDV,0.7700923100273733,DSDV,0.32053988333965877,0.44955242668771456
100,50,25,4,DSDV,0.9833374747172223,AOMDV,0.6390304042517719,0.3443070704654504
100,50,25,8,DSDV,1.0,AODV,0.37689435437726293,0.6231056456227371
150,20,5,2,AOMDV,0.6510570340614422,AODV,0.6031613901810553,0.04789564388038692
150,20,5,4,AOMDV,0.6641791034924451,AODV,0.5,0.16417910349244513
150,20,5,8,AOMDV,0.7171174640037841,AODV,0.5532341620753505,0.1638833019284336
150,20,10,2,AOMDV,0.6465132787180574,AODV,0.5564109894046394,0.09010228931341802
150,20,10,4,AOMDV,0.6798983979153579,DSDV,0.4510324899889916,0.2288659079263663
150,20,10,8,AOMDV,0.6397655384234389,DSDV,0.5,0.13976553842343886
150,20,15,2,AOMDV,0.6400641896886321,AODV,0.47783212226116906,0.16223206742746304
150,20,15,4,AOMDV,0.8545880912230107,DSDV,0.47133136459519265,0.38325672662781807
150,20,15,8,AODV,0.7030611898893522,DSDV,0.5863830117069793,0.11667817818237292
150,20,20,2,AOMDV,0.6660270896771754,AODV,0.4054087489984541,0.2606183406787213
150,20,20,4,DSDV,0.75,AOMDV,0.641732001227862,0.108267998772138
150,20,20,8,DSDV,0.75,AODV,0.5053904332512925,0.24460956674870749
150,20,25,2,AOMDV,0.803993728988174,DSDV,0.5862169361453563,0.2177767928428177
150,20,25,4,DSDV,0.8832992937528235,AOMDV,0.3671703029788015,0.516128990774022
150,20,25,8,DSDV,0.9285420861924218,AODV,0.3597884970150548,0.5687535891773671
150,30,5,2,AOMDV,0.6570871507914126,AODV,0.6333277002791269,0.023759450512285674
150,30,5,4,AOMDV,0.659496189349205,AODV,0.610258794842887,0.04923739450631792
150,30,5,8,AOMDV,0.6958179385568158,AODV,0.6407582331247752,0.05505970543204064
150,30,10,2,AOMDV,0.650122015339878,AODV,0.5283715831587178,0.12175043218116022
150,30,10,4,AOMDV,0.6851484172516479,AODV,0.46949018301214906,0.21565823423949881
150,30,10,8,AOMDV,0.6593673876014481,DSDV,0.5,0.15936738760144809
150,30,15,2,AOMDV,0.6593832005191993,AODV,0.5511899902202463,0.10819321029895301
150,30,15,4,AOMDV,0.8544599400862499,DSDV,0.462707621833437,0.3917523182528129
150,30,15,8,AODV,0.7475876982722397,DSDV,0.5,0.2475876982722397
150,30,20,2,AOMDV,0.7336495550980422,AODV,0.4168399816927969,0.3168095734052453
150,30,20,4,DSDV,0.75,AOMDV,0.5416770227196612,0.20832297728033877
150,30,20,8,DSDV,0.75,AODV,0.6291088486789427,0.12089115132105732
150,30,25,2,AOMDV,0.7555874132615157,DSDV,0.42805985151793413,0.32752756174358155
150,30,25,4,DSDV,0.75,AOMDV,0.4238681125929726,0.3261318874070274
150,30,25,8,DSDV,0.8956596136221922,AODV,0.5325198920437143,0.36313972157847785
150,40,5,2,AODV,0.7153461532777643,AOMDV,0.6552379380376406,0.060108215240123664
150,40,5,4,AOMDV,0.6617345345503822,AODV,0.604472065088033,0.05726246946234925
150,40,5,8,AOMDV,0.7144082038816848,AODV,0.6958340216925747,0.01857418218911011
150,40,10,2,AOMDV,0.641699921199649,AODV,0.6065340724783003,0.03516584872134876
150,40,10,4,AOMDV,0.6831503064405523,AODV,0.443238220603106,0.23991208583744628
150,40,10,8,AODV,0.6832860263732063,AOMDV,0.5237162612425525,0.1595697651306538
150,40,15,2,AOMDV,0.6586664721962829,AODV,0.5303328517602064,0.12833362043607655
150,40,15,4,AOMDV,0.8601470627332017,DSDV,0.44666024719424635,0.4134868155389554
150,40,15,8,DSDV,0.75,AODV,0.6604537234283575,0.08954627657164249
150,40,20,2,AOMDV,0.6858992318302559,AODV,0.44738500291987127,0.23851422891038465
150,40,20,4,DSDV,0.75,AOMDV,0.5514399859150569,0.19856001408494306
150,40,20,8,DSDV,0.75,AODV,0.6236977920747209,0.12630220792527913
150,40,25,2,AOMDV,0.8226034680484607,DSDV,0.42910730083647497,0.39349616721198577
150,40,25,4,DSDV,0.75,AODV,0.42535814015039974,0.32464185984960026
150,40,25,8,DSDV,0.9866531694923899,AODV,0.4925509082071456,0.4941022612852443
150,50,5,2,AOMDV,0.6647928995091209,AODV,0.6503222898422188,0.014470609666902057
150,50,5,4,AOMDV,0.7047549033164935,AODV,0.5781163298528631,0.1266385734636304
150,50,5,8,AOMDV,0.7254462446606463,AODV,0.6429095336921627,0.08253671096848358
150,50,10,2,AODV,0.6585385556645569,AOMDV,0.6489814629783925,0.009557092686164337
150,50,10,4,AOMDV,0.6856655402504471,AODV,0.4601579450185582,0.2255075952318889
150,50,10,8,AOMDV,0.8432293926317682,AODV,0.36898804827944376,0.47424134435232446
150,50,15,2,AOMDV,0.6679230514281533,AODV,0.5900638537692208,0.07785919765893257
150,50,15,4,AOMDV,0.8145385212920098,DSDV,0.4331960776816297,0.38134244361038006
150,50,15,8,AODV,0.6480787979822279,DSDV,0.5311474376927396,0.11693136028948825
150,50,20,2,AOMDV,0.6798055978083365,AODV,0.42513008087455184,0.25467551693378465
150,50,20,4,AOMDV,0.6420221645416068,DSDV,0.5,0.14202216454160677
150,50,20,8,AODV,0.7390308843295399,DSDV,0.6066088712607591,0.13242201306878076
150,50,25,2,AOMDV,0.8119512638072858,DSDV,0.4283993492548606,0.38355191455242515
150,50,25,4,DSDV,0.75,AODV,0.46003885974930653,0.28996114025069347
150,50,25,8,DSDV,0.9814775877642689,AODV,0.6747964594017744,0.3066811283624945
